Run,p0,mDotSand,mDotS,Tbed2,rho_g2,D2,Ar2,w_e2,wmf2,FG2,Tleft,Tcenter,Tright,epsLeft,epsCenter,epsRight,AC1,AC2,AC1set,AC2set,air1,air2,air3,air4,h1,h2,h3,h4,h5,h6,w_p1,w_p2,w_p3,w_p4,w_p5,w_p6,Phi1,Phi2,Phi3,Phi4,Phi5,Phi6,pi1,pi2,pi3,pi4,pi5,Phigate,baffleCorr1,baffleCorr2,baffleCorr3
1,101314.401888021,0.75,1.5,323.156374359131,1.12790700917808,0.932784218075561,403.69079896954,0.0445069356783822,0.0284492804973149,2.56443186365153,314.969274139404,331.343474578857,343.00974299113,0.469826342589838,0.471131879960729,0.47243741733162,0.600000023841858,0.600000023841858,0.4805,0.4805,0.0145191928261726,0.0436125255963103,0.0366293129940609,0.0118847949064319,0.4755,0.4755,0.4755,0.4755,0.4755,0.475508617237893,0.00225642487189841,0.00225642487189841,0.00225085477439536,0.00225085477439536,0.00224531210930186,0.00224527145100933,664.768421355859,664.768421355859,666.413496358484,666.413496358484,668.05857136111,668.070678237316,129203.993863658,1.07572915958415,0.0543360012257476,0.000425806520504571,0.00102702668598699,10991.8572182913,1,113.394306922196,1
2,101314.628515625,0.75,1.5,324.570904795329,1.12301629766411,0.8124085003844,399.291010314142,0.0435787533677704,0.0283570455668382,2.53678769856142,318.223564656576,330.918244934082,341.533446502686,0.470194988610121,0.471693969301607,0.473192949993093,0.600000023841858,0.600000023841858,0.4805,0.4805,0.0142540031732182,0.0428160848754739,0.0361667327761872,0.0117336125784187,0.4755,0.4755,0.4755,0.4755,0.4755,0.475540674005701,0.00225966097644344,0.00225966097644344,0.00225324956340596,0.00225324956340596,0.00224687443007194,0.00224668289438834,663.816393537454,663.816393537454,665.705221632278,665.705221632278,667.594049727103,667.651155351045,112530.230319513,1.05329506562292,0.0543838227429321,0.000423959400369916,0.00103042732856142,10990.9136495307,1,108.167552464043,1
3,101316.948372396,1.5,3,325.455138142904,1.12024342716825,2.40033307503253,396.666282884619,0.0413969980502779,0.0282996717044048,2.46280808628774,324.524987284342,326.385289001465,337.592352294922,0.469256969131011,0.469527187798267,0.469797406465524,0.600000023841858,0.600000023841858,0.4805,0.4805,0.0137769001552589,0.0413809402091446,0.0356597023896816,0.0115750894439223,0.4755,0.4755,0.4755,0.4755,0.477061350034926,0.489486450682335,0.00449037914009557,0.00449037914009557,0.00448809177637248,0.00448809177637248,0.00447115062087817,0.00435793241959233,668.095033047955,668.095033047955,668.435528835099,668.435528835099,670.972015094169,688.447534371783,332480.560763643,1.00056220998297,0.10827209453544,0.000422912147819666,0.00103255319963265,10994.6596689224,1,16.7127046213575,1
4,101316.812174479,1.5,3,326.805783208211,1.11555060178617,0.48861724999425,392.531266698574,0.0426054104874646,0.0282125434289941,2.51015843911239,326.393553670247,327.218012746175,337.667053222656,0.468738249150577,0.472426480393845,0.476114711637113,0.440648972988129,0.600000023841858,0.4805,0.4805,0.0139400716864759,0.0418705327943497,0.0361509012253142,0.0117371158304787,0.4755,0.4755,0.4755,0.4755,0.476842416356552,0.488926032360985,0.00454452667199663,0.00454452667199663,0.00451275618952428,0.00451275618952428,0.00446882782008085,0.00435863536404681,660.134754733865,660.134754733865,664.782202717726,664.782202717726,671.319563031056,688.33140496809,67680.4977470368,1.02976944421899,0.108542092048362,0.000421139775289032,0.00103580022888532,10986.7110483144,36.1624754833145,1,1
5,101320.199739583,3,6,327.919544474284,1.11475529513823,0.1777158348195,390.230297916679,0.0423646952852446,0.0281406500956565,2.50546246088178,328.758051554362,327.081037394206,334.656834157308,0.467129496429858,0.472739445857395,0.478349395284932,0.360640161732833,0.600000023841858,0.4805,0.4805,0.0138683779153341,0.0416559856418096,0.0367556416586637,0.0119444160063197,0.475723551672167,0.4755,0.475798781596978,0.480411452830778,0.499854044060971,0.531232252208174,0.00912371249657271,0.0091279896716777,0.00902520677728792,0.00893856619303074,0.00850046928607904,0.00799847802242534,657.627917778512,657.318885736339,664.805312499777,671.250323415427,705.847311851406,750.156694029207,24616.1922409728,1.02395137657995,0.210750062815634,0.00042083940682845,0.0010384789723821,10982.6797768133,98.3599106316613,1,1
6,101321.226432292,3,6,328.648076502482,1.11238622470715,0.194671757214318,388.090431313992,0.0443159256509022,0.0280940854046845,2.57741262668564,329.616859181722,327.679293823242,335.012966918945,0.466731218938627,0.469359620998535,0.471988023058442,0.547224472463131,0.600000023841858,0.4805,0.4805,0.0142125157602076,0.04269032367009,0.0376734856067723,0.012243374020449,0.475694357975626,0.4755,0.476077528984195,0.480712672330574,0.500704653714452,0.531451330073495,0.00901434276534511,0.00901801765869906,0.0089624796751613,0.00887607248651677,0.0084796937319047,0.0079892245274535,665.606643692837,665.334691844633,669.458795097773,675.976719786203,707.576924948866,751.026967901605,26964.8307048317,1.07111246213685,0.209743757051666,0.000419944666176959,0.00104023046157082,10990.8942092374,91.5269165263742,1,1
7,101303.219075521,0.75,1.5,329.525471623739,1.10565282369808,0.316458061308434,384.181763271953,0.0600300139269482,0.0280387629910401,3.14096514258926,328.383730570475,330.667212677002,341.709442392985,0.479885484869332,0.483733655621059,0.487581826372786,0.600000023841858,0.600000023841858,0.4805,0.4805,0.0171839827741798,0.0516079487548713,0.0445499850599513,0.0145880845628492,0.4755,0.4755,0.4755,0.4755,0.4755,0.475593133571116,0.00232311302425022,0.00232311302425022,0.00230579689336117,0.00230579689336117,0.00228873699615329,0.00228829026541716,645.685330133312,645.685330133312,650.534313893295,650.534313893295,655.383297653276,655.511663977062,43833.98069894,1.45092074857956,0.0555247626500708,0.000417401632072148,0.00104233830666192,10971.7762343027,1,289.109279748312,1
8,101303.433268229,0.75,1.5,329.230735905965,1.10665825762634,0.386737831356618,385.054596420831,0.0600851259341819,0.0280575032871285,3.14150052305658,327.861913299561,330.59955851237,338.917555745443,0.479578917220903,0.48272778075826,0.485876644295617,0.600000023841858,0.600000023841858,0.4805,0.4805,0.0172144329230579,0.051698183277618,0.0446698107270912,0.0146312664112073,0.4755,0.4755,0.4755,0.4755,0.4755,0.475529757245771,0.00231540800433965,0.00231540800433965,0.00230131309731051,0.00230131309731051,0.00228738875577257,0.00228724578664077,647.833987439201,647.833987439201,651.801791661036,651.801791661036,655.76959588287,655.810634572741,53568.7369288201,1.45225280149043,0.0554542827175235,0.000417781358043813,0.00104162974369455,10973.9439227216,1,276.696074026374,1
9,101305.525716146,1.5,3,327.179921595256,1.11410233824738,3.16316728884475,391.341546087801,0.0596609418066991,0.0281885235094241,3.11649744948035,328.375949350993,325.983893839518,336.125307718913,0.483633151228115,0.484403129256132,0.485173107284149,0.600000023841858,0.600000023841858,0.4805,0.4805,0.0172710482652477,0.0518728432030079,0.0453102073324526,0.0148481294726433,0.4755,0.4755,0.4755,0.4755,0.4755,0.48586864147437,0.00462448776417324,0.00462448776417324,0.00461758168275325,0.00461758168275325,0.00461069619727573,0.00451256631431784,648.720496838927,648.720496838927,649.69072690258,649.69072690258,650.660956966232,664.849117185273,438144.041309792,1.44200030425577,0.111523377839674,0.000420592800630192,0.0010366996192351,10974.5173693173,1,87.3381559356496,1
10,101305.79634979,1.5,3,327.308350250501,1.11397362562408,0.936664724327198,391.063254481168,0.0600853629808532,0.028180234177873,3.1321813771934,328.444490320542,326.172210180459,338.35184485171,0.477897982937026,0.480498240262933,0.48309849758884,0.511034731103593,0.600000023841858,0.4805,0.4805,0.017350815352834,0.0521125363914993,0.0454451562668808,0.0148918337621266,0.475500224196358,0.4755,0.4755,0.4755,0.4755,0.485848106761283,0.00460592498270248,0.00460592715425696,0.00458287314991343,0.00458287314991343,0.004560048780169,0.00446318522659909,651.334967752444,651.334660650744,654.611179900684,654.611179900684,657.887699150626,672.205032794676,129741.499640673,1.45225853088997,0.1104918545175,0.00042054418896566,0.00103700849257172,10977.1722229141,47.1386073788781,1,1
11,101310.78706095,3,6,328.445756139834,1.11196732809816,0.319472271136083,388.307595693751,0.0591076003450901,0.0281071565688767,3.10293841635461,330.570159912109,326.321352367559,335.392141799296,0.478315515585189,0.479889401194995,0.4814632868048,0.502529179754336,0.600000023841858,0.4805,0.4805,0.0171120245529267,0.0513993686916393,0.0454257101007951,0.0148914772272873,0.475967084916115,0.4755,0.4755,0.480386400697497,0.492942309871184,0.525785706356184,0.00917383406227936,0.00918280463252576,0.00915501691948552,0.00906192151878162,0.00880446570606857,0.00825463571766633,654.036980673984,653.395148879442,655.378362789217,662.113255090074,681.474940144196,726.879749602723,44251.4919952598,1.4286260843418,0.215914591975922,0.000419786459217203,0.0010397436337935,10978.9956945829,125.758462526749,1,1
12,101311.497159091,3,6,328.541757252591,1.11154153509099,0.271815306176008,387.986608887881,0.0581960155949052,0.0281010431609002,3.07095535843283,330.676609259992,326.40690524519,335.62828000912,0.478183258693672,0.482193670964284,0.486204083234897,0.575131919758379,0.600000023841858,0.4805,0.4805,0.0169254271301452,0.0508390583397181,0.0449252076885767,0.0147292498193678,0.475939352769641,0.4755,0.4755,0.48073234732333,0.493429007468959,0.525979545318736,0.00925900247830252,0.0092675343977879,0.00919575730356731,0.00909570987309732,0.0087935538842643,0.00824955656396575,648.019594614299,647.421389817788,652.474810059681,659.654567842973,682.32071937019,727.332070679818,37650.3187668302,1.4065931521199,0.216191053978053,0.000419625647708531,0.00103997438858983,10973.009825922,143.870388945556,1,1
13,101286.188932292,0.75,1.5,329.473120498657,1.10497616747116,0.409909959885102,384.039529793201,0.0785159624259719,0.0280422122297879,3.79992101378543,329.918875630697,329.027365366618,341.399977620443,0.488706304401855,0.491677163309544,0.494648022217234,0.600000023841858,0.600000023841858,0.4805,0.4805,0.020777195326109,0.0624044328900361,0.0546104725417665,0.017996199504106,0.4755,0.4755,0.4755,0.4755,0.4755,0.475549919313316,0.00235559646612803,0.00235559646612803,0.00234182933972882,0.00234182933972882,0.00232822220039947,0.00232797833549383,636.781393404619,636.781393404619,640.524898442726,640.524898442726,644.268403480833,644.336040570829,56778.409106142,1.89772468014364,0.0564373905089692,0.000417146076960211,0.00104221211484926,10961.242551046,1,538.509016533425,1
14,101286.636948529,0.75,1.5,329.77196765547,1.10385082344792,0.297282646997091,383.11989137871,0.0762553147595855,0.0280232462628697,3.72114524051495,329.528127205472,330.015808105469,342.427429199219,0.490188094731502,0.494284481345307,0.498380867959111,0.600000023841858,0.600000023841858,0.4805,0.4805,0.0203112853447336,0.0610072278885395,0.0532837956841101,0.0175606085996881,0.4755,0.4755,0.4755,0.4755,0.4755,0.475515492505182,0.00237312585780492,0.00237312585780492,0.00235390311173882,0.00235390311173882,0.00233498927881834,0.00233491324309465,632.077727806423,632.077727806423,637.239482168813,637.239482168813,642.401236531202,642.422166929701,41177.9107687183,1.84308500259201,0.0566650814507153,0.000416721064655959,0.001042930519598,10956.5748137074,1,524.193771713467,1
15,101290.807942708,1.5,3,329.013992055257,1.10826314345969,1.64573095821449,385.999076344855,0.0774294057937648,0.0280711760917257,3.75832575675942,331.536160024007,326.491824086507,338.873426055908,0.488657510789839,0.49013744242702,0.491617374064202,0.600000023841858,0.600000023841858,0.4805,0.4805,0.0206384165822677,0.0619688445564833,0.0545959343804973,0.0179977873869109,0.475516167071322,0.4755,0.4755,0.4755,0.4755,0.483439813061308,0.00468294885979203,0.00468310784942609,0.00466951461853718,0.00466951461853718,0.00465600007092951,0.00457971726545363,640.622017880207,640.600237376051,642.465062233772,642.465062233772,644.329887091494,655.088791094271,227957.343730651,1.87146269119766,0.112698480884882,0.000418387481843586,0.00104110901785002,10965.1447679172,1,201.109763450474,1
16,101288.936777836,1.5,3,328.907061023872,1.10903895888312,0.432169514631874,386.460104654192,0.0767264864468085,0.0280779287529144,3.73262428972271,331.398257984835,326.41586406291,337.970718255564,0.480237854366546,0.48587353487822,0.491509215389895,0.600000023841858,0.600000023841858,0.4805,0.4805,0.0205160859574042,0.0616030965794975,0.0542721840705026,0.0178944056875486,0.475504541849946,0.4755,0.4755,0.4755,0.4755,0.483714694335293,0.00468206704003003,0.00468211172766349,0.0046307880016794,0.0046307880016794,0.00458057726218249,0.00450294953842028,640.742645563011,640.736525417578,647.837905538327,647.837905538327,654.939285659075,666.253956615676,59861.676724931,1.85447318547611,0.111318989533689,0.000418680487492482,0.00104085211016407,10965.066671215,1,238.661923776842,1
17,101291.657356771,3,6,328.371055348714,1.11105212423454,0.438190689844931,388.122270583016,0.0766910732794106,0.0281120954313999,3.72804567353713,331.534032440186,325.208078257243,334.660162862142,0.490525117153817,0.49106323777491,0.491601358396002,0.600000023841858,0.600000023841858,0.4805,0.4805,0.0205455822600182,0.0617141558598861,0.0548566811615128,0.0180942408295194,0.476533818549415,0.4755,0.4755,0.475943473941221,0.485950729273324,0.521887711580447,0.00934567116028107,0.00936592064258993,0.00935601765383499,0.00934730975021091,0.00914519259899083,0.00851583032757806,642.013236976555,640.620418319158,641.298490660781,641.896596168989,656.086180793692,704.605003898224,60695.6958584073,1.85361725198569,0.223481168805528,0.000419440809372371,0.00103956358864414,10965.5464419926,84.6213047654544,53.5509966863526,1
18,101292.420898438,3,6,327.943741989136,1.11289173220975,0.403865224523519,389.534548002109,0.0762174946934561,0.0281393587267861,3.70857312507267,331.009247589111,324.87823638916,334.583472442627,0.483913365747803,0.485775460012533,0.487637554277264,0.600000023841858,0.600000023841858,0.4805,0.4805,0.0204905584598843,0.0615530800119706,0.0546852241175796,0.0180414753637107,0.476686738597829,0.4755,0.4755,0.475885022306461,0.485397550680609,0.520921903792173,0.00927043029422183,0.00929346280511806,0.00925980960025677,0.00925232515728343,0.00903830777192191,0.00842218868803919,647.226415563683,645.615108794078,647.961487224707,648.486155208533,663.844048743292,712.428204896326,55941.126554153,1.84217089454722,0.221041584747353,0.000420135584010416,0.00103853644673108,10970.8349399664,90.8097796638286,57.3843957557494,1
19,101325.474893162,0.3,0.6,375.961658445179,0.968120732235202,0.126657801821536,275.649384025389,0.0385055730180435,0.0254195285148307,2.5148019254613,355.236031817575,396.687285072783,433.758977645483,0.478469557761237,0.482315462674039,0.48616136758684,0.600000023841858,0.600000023841858,0.4805,0.4805,0.0109431591056605,0.0328002557206992,0.0245473601858866,0.00759871407106416,0.4755,0.4755,0.4755,0.4755,0.4755,0.4755,0.000926676398327892,0.000926676398327892,0.000919792071955474,0.000919792071955474,0.00091300927930946,0.00091300927930946,647.475214738013,647.475214738013,652.32134337101,652.32134337101,657.167472004009,657.167472004009,17543.9223050925,0.930676692759262,0.0221493327638658,0.000365462091948401,0.00115144355902573,10975.9740632811,1,243.717921626208,1
20,101325.379361979,0.3,0.6,383.14253578186,0.950154744597106,0.0876786097938932,263.105551885481,0.0395301194237473,0.0250724825315752,2.57663414054454,360.754091644287,405.530979919434,437.093790944417,0.474491402028303,0.480047077048871,0.485602752069439,0.600000023841858,0.600000023841858,0.4805,0.4805,0.0108530836076829,0.0325326990055041,0.0242028585638539,0.00745549146359647,0.4755,0.4755,0.4755,0.4755,0.4755,0.4755,0.000925670063597686,0.000925670063597686,0.000915779318065517,0.000915779318065517,0.000906097702386217,0.000906097702386217,648.179112186101,648.179112186101,655.179679387643,655.179679387643,662.180246589186,662.180246589186,12144.7450999504,0.955439899373328,0.0220173126525552,0.000358677563692841,0.00116758121580747,10976.6632291603,1,290.752545531314,1
21,101325.139398244,0.75,1.5,372.473632560289,0.978232144540065,0.125441409025865,282.378006294522,0.0378402590893505,0.0255921821067702,2.47858548082573,360.924716413514,384.022548707064,422.241841465974,0.465018380461718,0.474726376131825,0.484434371801933,0.600000023841858,0.600000023841858,0.4805,0.4805,0.0109685549490872,0.0328873978044029,0.0256327693169334,0.00800598858703276,0.4755,0.4755,0.4755,0.4755,0.4755,0.4755,0.00230893075082687,0.00230893075082687,0.00226625758257118,0.00226625758257118,0.0022251331439074,0.0022251331439074,649.65135895168,649.65135895168,661.884161595691,661.884161595691,674.116964239701,674.116964239701,17375.4344552103,0.914596107060341,0.0542782815522569,0.000369280523252175,0.00114357003618915,10977.6508640416,1,129.218137985195,1
22,101325.485688025,0.75,1.5,377.996260442654,0.96379737514911,0.136271253119073,272.251281227125,0.0374152495156634,0.0253201469713006,2.47768534445737,371.533917595358,384.458603289949,421.136260729878,0.467079775641865,0.476016250707601,0.484952725773338,0.600000023841858,0.600000023841858,0.4805,0.4805,0.0106852452949736,0.0320460617444459,0.025329907967051,0.00790289699909145,0.4755,0.4755,0.4755,0.4755,0.4755,0.4755,0.00231125450533307,0.00231125450533307,0.00227183635871045,0.00227183635871045,0.00223374020839545,0.00223374020839545,648.998194071162,648.998194071162,660.258822889619,660.258822889619,671.519451708077,671.519451708077,18875.5232031202,0.904323658855384,0.0544497168823176,0.000363829446420593,0.00115601629721257,10977.0152427661,1,116.560354533554,1
23,101324.835280987,1.5,3,382.352319156422,0.953034415854429,0.173109868224133,264.707673444835,0.0391624004273187,0.0251101149616904,2.55962608353781,381.864014441226,382.840623871619,404.213230421563,0.469774343401658,0.474926496075718,0.480078648749778,0.600000023841858,0.600000023841858,0.4805,0.4805,0.0108263451095775,0.032464583853434,0.0269977046122336,0.00847487992871804,0.4755,0.4755,0.4755,0.4755,0.483591013450936,0.491611738364101,0.00457917463921572,0.00457917463921572,0.00453424263124712,0.00453424263124712,0.00441508040582439,0.00434336613675674,655.139896676623,655.139896676623,661.63199545739,661.63199545739,679.492760975012,690.762665428727,23978.1998005006,0.946552159946607,0.108152219455001,0.000359765012940899,0.00116580576210055,10982.2129049108,24.0546484881338,19.9915450463785,1
24,101325.000195313,1.5,3,384.116361745199,0.948829612362212,0.174146596711723,261.756088307665,0.0374630448539914,0.0250260251848203,2.49696390769621,383.56348139445,384.669242095947,404.078591664632,0.467617979592555,0.472352775215834,0.477087570839114,0.404562297960122,0.600000023841858,0.4805,0.4805,0.0104797861889707,0.0314244745225264,0.0262409926644444,0.00823676176529511,0.4755,0.4755,0.4755,0.4755,0.483867931332951,0.491966479729599,0.00455298159550778,0.00455298159550778,0.00451212581854411,0.00451212581854411,0.00439468464387482,0.00432275034491516,658.908879174904,658.908879174904,664.875076769908,664.875076769908,682.646855267529,694.072387395633,24121.8015666467,0.905478868450199,0.107638456650331,0.000358177155265509,0.00116977017841763,10985.9277083706,40.4058325170636,1,1
25,101325.092975207,3,6,385.004932119827,0.949708632055339,0.133228197319282,261.105848330066,0.0378734284770039,0.0249835692357849,2.51593349662604,384.818389135944,385.191475103709,395.591448823283,0.462148996519149,0.47168675801465,0.481224519510151,0.289991364498769,0.600000023841858,0.4805,0.4805,0.0105516533924132,0.0316387882652091,0.0274902182663899,0.0086599138715624,0.475541566095259,0.4755,0.478773695567978,0.480578198047184,0.504409217895466,0.535788398356284,0.00917777740206204,0.0091785782311212,0.00895126130709314,0.00891767001388687,0.00834570097195136,0.00785700918740769,653.753156776503,653.696013578246,670.297580699487,672.823938470131,718.937060626678,763.661968429712,18454.0163258983,0.915397808569567,0.208627164273694,0.000358509098581484,0.00117176842555904,10978.4794345492,97.2698886144971,1,1
26,101324.753282563,3,6,386.373159071978,0.946317360159653,0.14243615320063,258.813069891394,0.0387710854739345,0.0249189628442772,2.55588604088887,386.174225366416,386.572092777541,396.751727961692,0.464272029837121,0.472771580149409,0.481271130461698,0.483448991004158,0.600000023841858,0.4805,0.4805,0.010653920058166,0.031943580004684,0.0278432149652245,0.00876663248659283,0.475556386372226,0.4755,0.479175196896108,0.480711662998951,0.503463416903735,0.536977161335712,0.00917831855966886,0.0091794029823358,0.00896219820730389,0.00893359015744479,0.00839457656976124,0.00787071372016689,653.71479076715,653.637280283476,669.482172011496,671.628853789719,714.75650113113,762.335264365446,19729.4502924432,0.937094108082992,0.209410218278017,0.000357228457226517,0.00117484323894641,10978.4961463684,100.617734721604,1,1
27,101322.185351562,0.3,0.6,388.743165715535,0.935866273816264,-0.38407670332893,253.649596510525,0.052966038321302,0.0248083017185113,3.13501487130618,381.884780883789,395.601550547282,427.845277150472,0.489399240214102,0.488130967866292,0.486862695518482,0.600000023841858,0.600000023841858,0.4805,0.4805,0.0128590651186216,0.0385767505728438,0.0309179424099599,0.00987364565648605,0.4755,0.4755,0.4755,0.4755,0.4755,0.4755,0.000927942928818006,0.000927942928818006,0.000930242119202819,0.000930242119202819,0.00093255273142566,0.00093255273142566,646.591488944548,646.591488944548,644.993370665882,644.993370665882,643.395252387215,643.395252387215,-53200.1325263258,1.28018500985119,0.0225118030325054,0.000353281848446557,0.00118016729198751,10974.8430630966,1,284.514402551842,1
28,101322.718943698,0.3,0.6,393.158350794769,0.925284141631647,-0.499241490081432,246.616295008665,0.0532174183963995,0.0246038568542211,3.16297077404742,381.324703248079,404.991998341458,435.584007578448,0.490029746357578,0.489054038464809,0.48807833057204,0.600000023841858,0.600000023841858,0.4805,0.4805,0.0127222474476058,0.038163597996354,0.0301658463892284,0.00962359417204656,0.4755,0.4755,0.4755,0.4755,0.4755,0.4755,0.000930146468967485,0.000930146468967485,0.000931922686649049,0.000931922686649049,0.000933705701078459,0.000933705701078459,645.059697604436,645.059697604436,643.830232481455,643.830232481455,642.600767358475,642.600767358475,-69152.1073909718,1.28626084663481,0.0225460462177048,0.000349285784992225,0.00119008935675757,10973.363179501,1,288.639633450589,1
29,101324.2703125,0.75,1.5,388.424101765951,0.937841986190089,0.260686650162978,254.494188563304,0.0526851133619721,0.0248230819813686,3.12242433560097,381.55248743693,395.295716094971,427.749579366048,0.478041211161013,0.48271266117548,0.487384111189948,0.600000023841858,0.600000023841858,0.4805,0.4805,0.0128416556236745,0.0385259316590313,0.0312000517935096,0.00998011666751385,0.4755,0.4755,0.4755,0.4755,0.4755,0.475516562700457,0.00232221700302581,0.00232221700302581,0.00230124583315911,0.00230124583315911,0.00228065004071252,0.00228057077842525,645.934466092327,645.934466092327,651.820843469308,651.820843469308,657.707220846287,657.730130221023,36108.8402819296,1.27339507552298,0.0553720327245091,0.000354027927715088,0.00117945079295479,10974.0593365949,1,168.063364614042,1
30,101324.169971113,0.75,1.5,389.783087465943,0.934662281620557,0.394870517189883,252.322599057419,0.0525937618137574,0.0247597061771018,3.12416786389076,386.149909267906,393.41626566398,423.726243475906,0.476866046876113,0.479950056957042,0.483034067037972,0.600000023841858,0.600000023841858,0.4805,0.4805,0.0127722992838631,0.0383186583447912,0.0313648418523837,0.0100351587220741,0.4755,0.4755,0.4755,0.4755,0.4755,0.4755,0.00230267655393712,0.00230267655393712,0.00228902117756325,0.00228902117756325,0.00227552680514695,0.00227552680514695,651.415847977128,651.415847977128,655.301931979855,655.301931979855,659.188015982581,659.188015982581,54695.2305702585,1.27118711573671,0.0551623841372137,0.000352827190901065,0.00118250489929004,10979.5282045624,1,144.539468909671,1
31,101324.097200521,1.5,3,392.452195739746,0.92831196646833,0.564484155633487,248.084427504958,0.0528081310536615,0.0246361717073147,3.14352030948337,392.89231338501,392.012078094482,410.761642456055,0.478285527481363,0.482104666239376,0.485923804997387,0.600000023841858,0.600000023841858,0.4805,0.4805,0.0127009648008613,0.0381030057922793,0.0322319300730355,0.0103318445103614,0.4755,0.4755,0.4755,0.4755,0.476045281659557,0.488557366559422,0.0046312408338995,0.0046312408338995,0.00459708846716934,0.00459708846716934,0.00455821781837173,0.00444177236856447,647.774561417917,647.774561417917,652.586962688418,652.586962688418,658.153239492403,675.451739292553,78189.1523969729,1.27636840352406,0.11064151896964,0.000350429160019236,0.00118850323122574,10975.206276507,1,50.2412422992626,1
32,101324.086263021,1.5,3,392.290210851034,0.928706045859843,0.670009716340462,248.341885167272,0.052714704051365,0.0246436330327471,3.13908025694774,392.141802724202,392.438618977865,410.858213043213,0.477673031574713,0.480912511456745,0.484151991338778,0.600000023841858,0.600000023841858,0.4805,0.4805,0.0126923423145508,0.0380768661578608,0.0322100490583952,0.0103218469795623,0.4755,0.4755,0.4755,0.4755,0.475967408904752,0.488128129061626,0.00461533363715155,0.00461533363715155,0.00458653063034363,0.00458653063034363,0.00455361824636825,0.00444050526594849,650.00717951379,650.00717951379,654.089167126142,654.089167126142,658.818126470514,675.650587518046,92805.9561912869,1.27411028017472,0.110458342275797,0.000350577973488063,0.00118813920457541,10977.4372290688,1,46.3618858586724,1
33,101323.50676208,3,6,392.728010161584,0.93036333551253,0.188409771138644,248.373188848664,0.0525752980664236,0.0246232074518493,3.13519296460578,392.767246534844,392.688773788324,401.654400993796,0.472541712191212,0.480646382508091,0.48875105282497,0.319664440986489,0.600000023841858,0.4805,0.4805,0.0126889277376639,0.0380660032670406,0.0329863506101531,0.0105999606677699,0.475555124090938,0.4755,0.4755,0.480596307673397,0.496576447753327,0.53029818680067,0.00931262743461407,0.00931370393694597,0.00916836076940919,0.00907117825931406,0.00864437324334308,0.00809484904653251,644.286699765235,644.212017111577,654.424509561117,661.438492000098,694.09691168007,741.231960140663,26097.4558127426,1.27074084840558,0.214091748162966,0.000351203804775768,0.00118912428736668,10969.9151948722,153.484854703776,1,1
34,101323.745572917,3,6,392.541602325439,0.930736506906851,0.208403837569845,248.648021870087,0.0548841616763858,0.0246317930633372,3.22818277585609,392.47241007487,392.610794576009,401.649802398682,0.475604360468422,0.481577080882833,0.487549801297245,0.547903879483541,0.600000023841858,0.4805,0.4805,0.0130762088923628,0.0392244332403311,0.0340097281883513,0.0109281056296567,0.47558519379492,0.4755,0.475507634711402,0.480515227612958,0.496293540251533,0.531255460761161,0.00929021352677324,0.00929187137426701,0.00918467301520375,0.00908905561208448,0.00869986138604608,0.00812746658562119,645.841376709782,645.725684130374,653.262248531398,660.141783495303,689.673546354324,738.258324816305,28866.920804138,1.32654590154801,0.214978367311029,0.000351344723119686,0.00118870533905549,10971.618934258,152.909806670882,1,1
35,101314.409607438,0.3,0.6,394.387153562435,0.92186190941741,0.467615245657488,244.580804341514,0.0659886841823319,0.0245482246708497,3.68811770736401,388.249351312306,400.524955812565,432.263581331111,0.49730275697401,0.498344454965668,0.499386152957326,0.600000023841858,0.600000023841858,0.4805,0.4805,0.0147468595038786,0.0442352431229072,0.036068731134555,0.0116609123160389,0.4755,0.4755,0.4755,0.4755,0.4755,0.4755,0.000951156537157805,0.000951156537157805,0.000949181441169497,0.000949181441169497,0.000947214530837876,0.000947214530837876,630.810993312298,630.810993312298,632.123610909136,632.123610909136,633.436228505975,633.436228505975,64771.4188980723,1.59494134331074,0.0229178712723321,0.000347993475980242,0.00119281850110285,10958.3137346451,1,638.126768675238,1
36,101314.822070312,0.3,0.6,398.643987528483,0.911954847724924,-8.39664410897564,238.16079623275,0.0671941964862018,0.0243573041044429,3.75868798768883,387.721350860596,409.56662419637,438.002814483643,0.499704967201364,0.499646954279064,0.499588941356764,0.600000023841858,0.600000023841858,0.4805,0.4805,0.0147532351115712,0.0442501388397055,0.0357591852969612,0.0115532559422803,0.4755,0.4755,0.4755,0.4755,0.4755,0.4755,0.000951541987296154,0.000951541987296154,0.000951652312858966,0.000951652312858966,0.000951762664007914,0.000951762664007914,630.555464719875,630.555464719875,630.482364086808,630.482364086808,630.409263453741,630.409263453741,-1163055.64878621,1.62407848155097,0.0230026956719852,0.000344252373715462,0.00120227366687773,10958.1008556324,1,596.858636982686,1
37,101317.456510417,0.75,1.5,393.61818745931,0.925610733496459,0.189898640176878,246.280195287094,0.0660398933162613,0.0245828336146375,3.68642284631352,388.345099385579,398.89127553304,427.732939147949,0.478807329369559,0.485220143355699,0.491632957341839,0.600000023841858,0.600000023841858,0.4805,0.4805,0.0148230705061203,0.0444571283662803,0.0367143641437074,0.0118836551484715,0.4755,0.4755,0.4755,0.4755,0.4755,0.475540770189374,0.00234162570175964,0.00234162570175964,0.00231245515466708,0.00231245515466708,0.00228400244304273,0.0022838071513406,640.580601277483,640.580601277483,648.661227861068,648.661227861068,656.741854444653,656.798164622941,26303.6855305616,1.59617906407864,0.0555480105884956,0.000349409113329109,0.00119111136752957,10968.1251045866,1,317.110608405892,1
38,101317.328645833,0.75,1.5,393.551869710286,0.925514832177524,0.184883225394583,246.31563579506,0.0662135192136443,0.0245858642133121,3.69315453673369,391.000706736247,396.103032684326,424.235748291016,0.483474396978494,0.490061174405577,0.496647951832658,0.600000023841858,0.600000023841858,0.4805,0.4805,0.014851748576285,0.0445391630967925,0.0370478542665192,0.0119949921510559,0.4755,0.4755,0.4755,0.4755,0.4755,0.475532384624108,0.00236495577469099,0.00236495577469099,0.00233440811577402,0.00233440811577402,0.00230463954942874,0.00230448331916052,634.261332094463,634.261332094463,642.561165660893,642.561165660893,650.860999227324,650.905327069188,25608.9786431614,1.6003755884591,0.0560627098911156,0.000349372898859388,0.00119096395094708,10961.7935073093,1,322.567656628385,1
39,101316.17706145,1.5,3,395.475176130022,0.921333079799349,0.420747686297554,243.452594288171,0.0683850932880455,0.024498945892887,3.79134833796848,396.113434094341,394.836918165704,410.41528833213,0.483668635990455,0.489457305520127,0.495245975049798,0.600000023841858,0.600000023841858,0.4805,0.4805,0.0151211251310107,0.0453558817370579,0.0387871713546347,0.0125861570668959,0.4755,0.4755,0.4755,0.4755,0.4755,0.484916767470717,0.00471677400941314,0.00471677400941314,0.00466329396497836,0.00466329396497836,0.0046110130663838,0.00452179280946286,636.027927989125,636.027927989125,643.322085746727,643.322085746727,650.616243504328,663.501000345025,58279.5896683297,1.65286236424863,0.112079638336215,0.000347793778759498,0.00119523609835704,10962.9348100043,1,128.590027204326,1
40,101315.365104167,1.5,3,394.992863972982,0.922489050259571,0.340106641636082,244.195701482346,0.0673051662396469,0.0245206746687954,3.74483346348198,395.218584442139,394.767143503825,412.338744354248,0.479825168146634,0.486986361176074,0.494147554205514,0.484053855141004,0.600000023841858,0.4805,0.4805,0.0149665299399342,0.0448954126206688,0.0383050861246537,0.0124191899465189,0.4755,0.4755,0.4755,0.4755,0.4755,0.485461748816682,0.00470653188657121,0.00470653188657121,0.00464083308094839,0.00464083308094839,0.00457694321262917,0.00448332340829979,637.412020634487,637.412020634487,646.435660941059,646.435660941059,655.45930124763,669.19120643919,47109.6482845703,1.62676061182558,0.111396466577468,0.000348230297696666,0.001194164811357,10964.2251654723,158.353362619002,1,1
41,101317.663867187,3,6,395.175476074219,0.923390715390414,0.276516609460383,244.268256868362,0.0670460937165722,0.0245123122581496,3.73520051500283,395.335101318359,395.015850830078,403.173782348633,0.487567289049878,0.491597902793229,0.495628516536581,0.456729733447234,0.600000023841858,0.4805,0.4805,0.014935660336495,0.0448084121972709,0.0389860364531758,0.0126635791839537,0.475629823709233,0.4755,0.4755,0.480681156012274,0.49333674267964,0.525341042608795,0.00943813397230342,0.0094407029108118,0.00936585698254305,0.00926498307677103,0.00895630402124354,0.00841093314888624,635.719417373726,635.545897025168,640.624772637822,647.6051656817,669.924993825972,713.385126789079,38301.5167062194,1.62049884917509,0.220203543085188,0.000348570785817998,0.00119457102404872,10961.3893821717,160.711122720236,1,1
42,101316.91484375,3,6,394.517287445068,0.925080266996413,0.234321573273623,245.315411137416,0.0655560234787092,0.0245419949146544,3.671177400894,394.758450317383,394.276124572754,402.790356190999,0.482630869511331,0.489696237748501,0.496761605985672,0.399552485098441,0.600000023841858,0.4805,0.4805,0.0147238196546068,0.0441743947821847,0.0384451903886624,0.0124871635611646,0.475600796425084,0.4755,0.4755,0.480353013734021,0.492967856294948,0.524342990107197,0.0094599615924415,0.00946195955773596,0.00933095478476375,0.00923670503634737,0.00887745509618348,0.00834650913893918,634.252539609971,634.118119337605,643.021013219058,649.583767810891,675.872830600978,718.889023704412,32456.8989576487,1.58448396789275,0.21890891789035,0.000349208797420365,0.00119310913796194,10959.7975523445,180.080555969416,1,1
43,101325.105078125,3,6,395.352297592163,0.924612313819981,0.132712888692488,244.430467680825,0.0382020816487454,0.0245041862077702,2.55900232314102,395.424956512451,395.279638671875,404.271531677246,0.465445391533951,0.474296092580472,0.483146793626991,0.230645579472184,0.600000023841858,0.4805,0.4805,0.0102594512294069,0.0307288557764731,0.026880251083698,0.00841303129998963,0.475520112110313,0.4755,0.477160687262804,0.480351297309874,0.505070456721959,0.53672596558485,0.00921232623551555,0.00921271508689673,0.00902613276927429,0.00896618001166613,0.00838619236080217,0.00789168292663195,651.301350793529,651.273804020469,664.739880066765,669.184767914077,715.467511638054,760.309746724945,18382.638689609,0.923341330064439,0.209702742555843,0.00034903208799489,0.00119496451331795,10975.9813232612,95.7756487369331,1,1
44,101324.967057292,3,6,394.211943435669,0.927411477730025,0.146077347682947,246.213365196254,0.037855181464254,0.0245556381460642,2.54160860192095,394.010296630859,394.413590240479,400.927031453451,0.465420743706634,0.471902979660736,0.478385215614837,0.461764290928841,0.600000023841858,0.4805,0.4805,0.0102417826362044,0.0306766589870058,0.0268384774721888,0.00839881561559851,0.4755194728682,0.4755,0.477341940111149,0.480368992476818,0.504231509406076,0.536754466376674,0.0091282432252497,0.0091286165089745,0.00898182325727372,0.00892523641398704,0.00839977807882216,0.00789096379960206,657.300666374396,657.273749434134,668.019569077501,672.255799014512,714.312019039651,760.385179136629,20233.8079567701,0.9149567796964,0.209372123648418,0.000350089114865426,0.0011924316420204,10981.9176759362,70.7099281567327,7.61948271115726,1
45,101325.081676136,1.5,3,393.394278029765,0.925886138783613,0.189435349327644,246.559401708249,0.0371065742718359,0.0245930104172112,2.50882487635147,392.959462820006,393.829093239524,410.395066442568,0.473861649787954,0.478284682472392,0.482707715156829,0.600000023841858,0.600000023841858,0.4805,0.4805,0.0101124678959907,0.0302772186633708,0.0256882835647844,0.00797957439094802,0.4755,0.4755,0.4755,0.4755,0.483194858675442,0.491371397156688,0.00460244766023058,0.00460244766023058,0.0045634287245281,0.0045634287245281,0.00445302085525282,0.00437925541778697,651.827075823758,651.827075823758,657.400428733601,657.400428733601,673.702466302265,685.102741039731,26239.5131025964,0.896863002318017,0.108963441102525,0.000349513112501812,0.00119061391246327,10978.8092381624,13.933626490872,10.7756703639592,1
46,101324.822460938,1.5,3,394.926311620076,0.922471980750025,0.167618457272198,244.251680819799,0.0370071955119662,0.0245236934319721,2.50903822866124,395.144936879476,394.707686360677,411.607803853353,0.468980642213355,0.475312426599256,0.481644210985158,0.600000023841858,0.600000023841858,0.4805,0.4805,0.0100483716751435,0.0300830766979577,0.0255906520319079,0.00792985500841962,0.4755,0.4755,0.4755,0.4755,0.482902609289388,0.491271469425457,0.00459300487519705,0.00459300487519705,0.00453757776385029,0.00453757776385029,0.00441475875882366,0.0043398678899983,653.167170842878,653.167170842878,661.145694052942,661.145694052942,679.541178664617,691.317849512,23217.5606160165,0.894461025452937,0.108188637310837,0.000348223851885441,0.00119401690902572,10980.1148472247,26.6826596889961,19.0439989259422,1
47,101325.025195312,0.75,1.5,395.566891988118,0.920398392833957,0.189762764764605,243.122776412078,0.0361169395390289,0.0244948881359078,2.47446850656569,393.802742513021,397.331041463216,424.038166300456,0.475056307581745,0.481473713320884,0.487891119060023,0.600000023841858,0.600000023841858,0.4805,0.4805,0.00987715517255384,0.0295671235594133,0.0243413635869149,0.00750225432319096,0.4755,0.4755,0.4755,0.4755,0.4755,0.4755,0.00232451608890457,0.00232451608890457,0.00229574732004389,0.00229574732004389,0.00226768194419493,0.00226768194419493,645.295598150442,645.295598150442,653.382010687187,653.382010687187,661.468423223933,661.468423223933,26284.8648369934,0.872943608111447,0.0551488644681701,0.000347440821436835,0.00119543949021012,10973.211269602,1,79.9675754472988,1
48,101325.123752626,0.75,1.5,396.124494664809,0.919227988611033,0.200353358077367,242.311131462807,0.0370150170643832,0.0244698069300547,2.51268123622635,394.124709954783,398.124279374836,426.027705857734,0.471398911183321,0.477477095583929,0.483555279984538,0.600000023841858,0.600000023841858,0.4805,0.4805,0.0100091936200702,0.0299548425437562,0.0246099050080324,0.00753200072438615,0.4755,0.4755,0.4755,0.4755,0.4755,0.4755,0.00230500049062415,0.00230500049062415,0.00227818785158555,0.00227818785158555,0.00225199182937879,0.00225199182937879,650.759080573484,650.759080573484,658.418048782081,658.418048782081,666.077016990677,666.077016990677,27751.813920049,0.894650071764033,0.0547470445526086,0.000346998852705078,0.00119667808193735,10978.6960446196,1,81.2978575534371,1
49,101325.145182292,0.3,0.6,400.701124064128,0.908178755480075,0.0931205904284553,235.381603317323,0.0378423937348954,0.024266001052044,2.55948364053236,393.084795125326,408.31745300293,442.030462900798,0.477916814548152,0.483147815125241,0.488378815702329,0.600000023841858,0.600000023841858,0.4805,0.4805,0.00998881968027446,0.0298949085870159,0.0235040023199739,0.00712715504518761,0.4755,0.4755,0.4755,0.4755,0.4755,0.4755,0.000930692762184993,0.000930692762184993,0.000921273329475694,0.000921273329475694,0.000912042652349073,0.000912042652349073,644.681063803888,644.681063803888,651.272516856062,651.272516856062,657.863969908238,657.863969908238,12898.5374764603,0.914647701276458,0.0221555520540864,0.00034282645403111,0.00120684335902382,10973.1258588237,1,253.841280452452,1
50,101325.108268229,0.3,0.6,404.840080388387,0.898904397965195,0.0913200569633408,229.467699765448,0.0394948851046983,0.0240844930140076,2.63984754617162,393.851404825846,415.828755950928,445.260031636556,0.478082420916463,0.483416559751545,0.488750698586628,0.600000023841858,0.600000023841858,0.4805,0.4805,0.0101213025081262,0.0302904373898589,0.0234676414487654,0.00709972950223497,0.4755,0.4755,0.4755,0.4755,0.4755,0.4755,0.000931369748359529,0.000931369748359529,0.000921752607821387,0.000921752607821387,0.00091233204683865,0.00091233204683865,644.212463478454,644.212463478454,650.933878471071,650.933878471071,657.655293463688,657.655293463688,12649.1377650695,0.954588288633533,0.0221648414352859,0.000339324308708917,0.00121603676510439,10972.6551294209,1,269.269351229785,1
51,101325.269335937,0.3,0.6,389.082993952433,0.93611686884402,0.0822116303172895,253.389286574138,0.0333442634356309,0.0247923427368899,2.34494433720369,366.760166168213,411.405821736654,516.303601582845,0.472119495224392,0.478044616285611,0.483969737346829,0.600000023841858,0.600000023841858,0.4805,0.4805,0.00954781989184835,0.0288439836605645,0.0194195515442268,0.00612809192454774,0.4755,0.4755,0.4755,0.4755,0.4755,0.475543625734757,0.000922740714387888,0.000922740714387888,0.000912265967673034,0.000912265967673034,0.000902026365623722,0.000901943692742704,650.236833212694,650.236833212694,657.702930133909,657.702930133909,665.169027055124,665.230054368568,11387.4900252396,0.805928243224033,0.0219256520044498,0.000353376479444332,0.00118093146850362,10978.695885355,1,219.525286855787,1
52,101324.954166667,0.3,0.6,400.766797637939,0.908764908469726,0.0702548680428331,235.476515434637,0.0328766915648053,0.0242630354187735,2.3550109137975,376.10819905599,425.425396219889,525.323128255208,0.4719352146707,0.478855684917107,0.485776155163515,0.600000023841858,0.600000023841858,0.4805,0.4805,0.00909693772722971,0.0275211086026866,0.0181424276526572,0.0057324793362198,0.4755,0.4755,0.4755,0.4755,0.475512018209256,0.475536901363675,0.000925982211808496,0.000925982211808496,0.000913685747738837,0.000913685747738837,0.000901688799136679,0.000901641639724119,647.960611282333,647.960611282333,656.680922828076,656.680922828076,665.418052315508,665.45287309714,9731.30694494984,0.794627067621134,0.0219387305132915,0.000343047795572932,0.00120698956708902,10976.3641399353,1,218.767251424484,1
53,101325.171678046,0.75,1.5,397.612440606125,0.916567206054493,0.27561617817263,240.280307537824,0.0324454467095918,0.0244030912011095,2.32956390987264,394.441704758075,400.783176454175,484.705224558085,0.46676228025623,0.47117702325529,0.47559176625435,0.600000023841858,0.600000023841858,0.4805,0.4805,0.00913266763619345,0.0276159155514925,0.020459386057616,0.00652815561999571,0.4755,0.4755,0.4755,0.4755,0.47550342837451,0.475853377118226,0.00226999741120248,0.00226999741120248,0.00225104691998011,0.00225104691998011,0.00223239412678891,0.00223075442540303,660.79370513705,660.79370513705,666.356612421591,666.356612421591,671.924364273437,672.418869829273,38176.7940572689,0.784203913148624,0.0541822099833814,0.000345994087882617,0.00119998343074471,10988.7194403,1,42.9501291629214,1
54,101325.183919271,0.75,1.5,411.144029362996,0.886292270827522,0.357537792709166,221.125164450975,0.0323889663948707,0.0238130401342246,2.36013570038778,414.129786936442,408.158271789551,480.333442433675,0.469080425042318,0.472483768426084,0.475887111809848,0.600000023841858,0.600000023841858,0.4805,0.4805,0.00873871104689104,0.0264000566152177,0.0202360890228363,0.00644663404817828,0.4755,0.4755,0.4755,0.4755,0.475502440858921,0.476052703775309,0.00227127658914582,0.00227127658914582,0.00225662313643725,0.00225662313643725,0.0022421460407711,0.00223955806590634,660.421547586205,660.421547586205,664.710015500503,664.710015500503,669.00191754922,669.776102736482,49524.112736949,0.782838788352636,0.0543674498412168,0.000334561807687468,0.00123003960903298,10988.3216453757,1,31.099074542395,1
55,101325.0078125,1.5,3,424.629985046387,0.858708742608357,0.185629416900389,204.369941713791,0.034859478756952,0.0232633136992725,2.49847451647388,426.508325958252,422.751644134521,457.147170257568,0.466729582115346,0.470684228554129,0.474638874992913,0.600000023841858,0.600000023841858,0.4805,0.4805,0.00876001544154532,0.026452588228689,0.0216316238980808,0.00695542562663217,0.4755,0.4755,0.4755,0.478751321945485,0.4869740845003,0.494378643569617,0.0045317602553856,0.0045317602553856,0.00449790237598324,0.00446735788813605,0.0043593712180143,0.00429436604464523,661.994419593306,661.994419593306,666.977570704656,671.538157061708,688.17551488225,698.639390501489,25712.3368699292,0.842550879209854,0.106670676586796,0.000324146071575057,0.00125939472748506,10988.8964126714,9.00981352021928,14.0313801866874,1
56,101324.92134979,1.5,3,429.986766783129,0.84786852471292,0.14307604432485,198.116900114172,0.0340128824939799,0.0230526378871667,2.47544409674046,431.869793547302,428.103740018957,461.884237337513,0.468904530570342,0.470931840197293,0.472959149824245,0.593792174543653,0.600000023841858,0.4805,0.4805,0.00847444130508898,0.0256435546430576,0.021005406927142,0.00680104668287114,0.475500634478512,0.4755,0.4755,0.4755,0.488975457027665,0.495549647773238,0.00451731111342144,0.00451731714009994,0.00450000746013445,0.00450000746013445,0.00435930338435061,0.00430176811454989,664.111885434865,664.110999285214,666.665561463396,666.665561463396,688.185522207677,697.438057946048,19818.0843916111,0.822088713648626,0.107064425622338,0.000320052787697304,0.00127101315379782,10990.9727566381,7.60832530141267,1,1
57,101325.146419271,3,6,435.021367390951,0.841393395342668,0.162925465366941,193.297288870766,0.0341056091290213,0.0228594959083257,2.49196690217182,435.730696105957,434.312038675944,450.848251597087,0.464118088287325,0.469380447549793,0.47464280681226,0.219999998807907,0.600000023841858,0.4805,0.4805,0.00839090846944585,0.0254029289725434,0.0215618454767692,0.00706011442564905,0.477314230678045,0.476183700468886,0.485441689810736,0.483070197874583,0.504887668451514,0.539505558783776,0.0090291716797232,0.00905057941923944,0.00878994685723983,0.00883308353588042,0.00836839891661174,0.00783152378171669,664.515230918595,662.941310648226,682.59985829832,679.265204325348,716.984447770373,766.144866084761,22567.5139218518,0.824329909176103,0.207879243764794,0.000317607784314981,0.00128183665877945,10988.8120907872,1,37.6136767181856,1
58,101324.933138021,3,6,438.483433278402,0.834623194614737,0.16462594303403,189.567829296249,0.0397675326016908,0.0227307186334717,2.74950718996903,439.230817921956,437.736048634847,453.044172668457,0.464806684541795,0.469240360442088,0.473674036342382,0.400434713065624,0.600000023841858,0.4805,0.4805,0.00911458519815838,0.0276461036933237,0.023519226152488,0.0077354271251186,0.477389642086478,0.476155541723487,0.485349128309441,0.482696601911761,0.505023288067163,0.540711866334244,0.00901115072809437,0.00903445567317948,0.00878931126485414,0.00883759027404465,0.00837692283892161,0.00782411057728047,665.845793040026,664.124514523603,682.649880263354,678.919067283265,716.255482999313,766.871247595198,22803.0544700368,0.961178157343475,0.20803671878781,0.000315051375018801,0.00128916459917645,10990.7055808668,75.2378554740868,3.39995629362199,1
59,101324.931510417,0.3,0.6,436.072123082479,0.834656234949745,0.488098106554641,191.08604956027,0.0455107567754484,0.0228206342071332,2.99428098972782,432.315552266439,439.828693898519,513.572415924072,0.486567216633654,0.486829661857714,0.487092107081773,0.600000023841858,0.600000023841858,0.4805,0.4805,0.00999441579410632,0.0302276074677367,0.0226164915939777,0.0074574890233886,0.475501892884435,0.4755,0.4755,0.4755,0.476200184225882,0.476153700821501,0.000928354280576485,0.00092835797573166,0.000927883195529379,0.000927883195529379,0.000926045349677893,0.000926136180856299,646.304985988657,646.302413168935,646.633113834642,646.633113834642,647.916482970653,647.85323779587,67608.5889341669,1.09999143710698,0.0224046540776965,0.000315063850927294,0.00128405846265667,10974.8034344727,1,177.102153425648,1
60,101324.973372396,0.3,0.6,437.253716278076,0.832133394543639,0.289694651140868,189.768364488026,0.0461554588097373,0.0227766848244799,3.02643457014434,428.303300984701,446.204131571452,525.889967854818,0.490392227294645,0.491367332775404,0.492342438256161,0.600000023841858,0.600000023841858,0.4805,0.4805,0.0100485713136689,0.030401189547998,0.0220880123843789,0.00728628863174918,0.475505131234758,0.4755,0.4755,0.4755,0.476170309376636,0.476103645646991,0.000937949188806748,0.000937959303847868,0.000936161131381084,0.000936161131381084,0.00093305459191699,0.000933185731995562,639.693505126202,639.686602114367,640.915308153033,640.915308153033,643.049240593095,642.959213852917,40126.8645020185,1.11557383492784,0.0225893990279989,0.000314111236601214,0.00128655936063923,10968.1959064695,1,201.518735278712,1
61,101325.211328125,0.75,1.5,435.656091690063,0.836070234053871,0.490718133957926,191.672587723268,0.0459488372991418,0.0228361061710765,3.01211314652437,436.263817342122,435.048366038005,499.698177083333,0.481455707482182,0.483118075850129,0.484780444218077,0.600000023841858,0.600000023841858,0.4805,0.4805,0.0100775334979139,0.0304797980678391,0.0236329739224641,0.00782055514674493,0.47552078874123,0.475500428043428,0.4755,0.4755,0.476257974086202,0.477115830368957,0.00231038074699134,0.00231047957733049,0.00230305080792636,0.00230305080792636,0.00229201415855409,0.00228789649399131,649.243665281864,649.215866173221,651.309990573148,651.309990573148,654.446263705522,655.625080375465,67971.5003106426,1.11057980915282,0.0555311806944676,0.000315597772059254,0.00128317816601418,10977.3871801926,1,62.2692085087721,1
62,101325.185807292,0.75,1.5,440.064632924398,0.827743374352817,0.599722338190829,187.032889229969,0.0452510328857509,0.0226726822212778,2.99583960073141,443.315293884277,436.813971964518,492.417098490397,0.481044416795866,0.48220265181055,0.483360886825235,0.600000023841858,0.600000023841858,0.4805,0.4805,0.00985325630081833,0.0297984048919418,0.0234857954148753,0.0077789163568374,0.475526665597434,0.47550058472371,0.4755,0.4755,0.476307412500539,0.477116202968336,0.00230400412286085,0.00230413036660868,0.00229897919944609,0.00229897919944609,0.00228995994361449,0.00228608304048072,651.040538233809,651.00483107521,652.463493519821,652.463493519821,655.033336252474,656.145611024073,83070.146130227,1.09371393097609,0.0554571503576361,0.000312453587071437,0.00129250956605332,10979.1649184122,1,51.6263457706727,1
63,101324.927539062,1.5,3,448.450369771322,0.812830127937973,0.415609358731762,178.719695851721,0.0478647678781665,0.022368083003748,3.13986901888026,450.073011779785,446.827727762858,473.103112284342,0.475271330517524,0.47699906499082,0.478726799464116,0.600000023841858,0.600000023841858,0.4805,0.4805,0.0100084228849615,0.0302563089653712,0.0248929055159882,0.00825381020616784,0.475656136250892,0.4755,0.4755,0.477219271260995,0.481212668532107,0.49202928539287,0.00456580186421856,0.0045672991889555,0.00455221110836063,0.0045358136110894,0.00448338885214165,0.0043851739930505,657.059010719793,656.843328165254,659.020403181692,661.403231445834,669.141120736955,684.181961517127,57567.8575973801,1.15688770162354,0.108996709591527,0.000306822461312625,0.00131025964838084,10984.4170213628,3.30059624724489,19.8917022101841,1
64,101325.178125,1.5,3,448.615064366659,0.812324672786389,0.27407327940811,178.513551252129,0.0472531998190542,0.0223621988154748,3.11308358969534,449.997918446859,447.232210286458,474.748509470622,0.477738260723774,0.481137861287868,0.484537461851961,0.592529962956905,0.600000023841858,0.4805,0.4805,0.00991724159590576,0.0299716647369094,0.0246345259070266,0.0081634339799997,0.475586607806949,0.4755,0.4755,0.475949691811312,0.481180837455067,0.49229758782451,0.00461794455956398,0.00461878505193722,0.00458852263135097,0.00458419300576139,0.00450486050520874,0.0044034313310972,649.639761918873,649.521457756891,653.80520943769,654.423528783383,665.951203850537,681.336715315606,37963.0804473683,1.14210614939511,0.10984085677595,0.000306631606492754,0.00131060815013667,10977.0059128376,56.3130931113627,1,1
65,101325.3359375,3,6,451.476521555583,0.810042107687288,0.207898364572426,176.377437080965,0.0485449538964103,0.02225995838877,3.18081960727778,452.160910542806,450.792132568359,463.769001515706,0.477337516454163,0.482307636826249,0.487277757198335,0.287306184073289,0.600000023841858,0.4805,0.4805,0.0100645949196576,0.0303981207742908,0.0256993863572419,0.00851340457577817,0.477709085611523,0.475654198243005,0.48074941162331,0.480722257073207,0.49753352183608,0.537121180979776,0.0092440474567162,0.00928393346234148,0.00909738735724497,0.0090979439569921,0.00870692859738539,0.00806535441996709,649.069995520903,646.277991401131,659.532792343803,659.495539430287,689.111581350904,743.942689602301,28796.9055435974,1.17332774456547,0.215171189585249,0.000305769733602552,0.00131666634140693,10974.5367661429,35.2930321526599,54.2573107480644,1
66,101325.077083333,3,6,452.094824091593,0.808917166515696,0.192501611186943,175.78279742135,0.0470256558435549,0.0222380358744968,3.11464981369005,452.612786610921,451.576861572266,464.373058573405,0.475472115086406,0.482193968586303,0.488915822086202,0.444115670770407,0.600000023841858,0.4805,0.4805,0.00983505737016811,0.0296951433994848,0.0251156532343376,0.00831130410835424,0.477560106814786,0.475567999370157,0.480927483817549,0.480664389879334,0.497538217179509,0.536561943825524,0.00927657209333704,0.00931537531763032,0.00909202792642766,0.00909704733988883,0.00867587522733467,0.00804506697672359,646.794548679031,644.096492000547,659.921952252351,659.560938438055,691.577572110248,745.820509027811,26664.234351923,1.1366064292773,0.214785075238058,0.00030534496803851,0.0013179750773214,10972.1248652445,95.1300730131779,13.1437728532144,1
67,101324.984244792,1.5,3,451.523236211141,0.807009909836643,0.229416461834401,175.691011312237,0.0514255970593813,0.0222585213415803,3.31037958560691,452.76226348877,450.284208933512,475.22224222819,0.478698037469938,0.482344110437643,0.485990183405348,0.600000023841858,0.600000023841858,0.4805,0.4805,0.0104397315622533,0.031515799736862,0.0259935055925968,0.00857816994668442,0.475562499013693,0.4755,0.4755,0.475734621688345,0.482192539328536,0.492801588530442,0.00463123082351832,0.00463183890495479,0.00459921487234424,0.00459694950979975,0.00450367755400905,0.00440704371299064,647.776051177904,647.690919645505,652.285245040287,652.607096282083,666.124980233698,680.780853382957,31777.470665432,1.24295266485109,0.109980722710088,0.000304624809462891,0.00131676375557322,10975.2153163437,41.0530432299146,30.2671438310453,1
68,101325.508398437,0.3,0.6,448.785608673096,0.810507672091069,0.16570497562424,178.016257371638,0.0576754303740222,0.0223562059543234,3.57983963260792,446.947771708171,450.623445638021,519.586126708984,0.495329652874946,0.497774460140855,0.500219267406765,0.600000023841858,0.600000023841858,0.4805,0.4805,0.0114056126340256,0.0343791174587094,0.0265388547310966,0.00876826879931892,0.475507242041083,0.4755,0.4755,0.4755,0.475970637632228,0.475904586874477,0.00095272758842441,0.000952742076981785,0.000948104179130161,0.000948104179130161,0.000942578327912391,0.000942709558624142,629.770798118805,629.761206622421,632.841847138012,632.841847138012,636.551907325253,636.46357259932,22952.515961197,1.39401064798618,0.0228488242713283,0.000305945525768659,0.00131096838988204,10958.37767724,1,416.186520840751,1
69,101324.979947917,0.3,0.6,449.802087148031,0.808761399240289,0.188873134088135,177.050959060729,0.0579151456480139,0.0223198702289335,3.59477972897379,443.430040232341,456.174134063721,531.951240539551,0.493242442583041,0.495399176386211,0.497555910189382,0.600000023841858,0.600000023841858,0.4805,0.4805,0.0114102041572813,0.034392220337084,0.0258700491030041,0.00853116379072292,0.475500190687196,0.4755,0.4755,0.4755,0.47590359430202,0.475928952989506,0.00094769139874308,0.000947691778772505,0.000943641212862549,0.000943641212862549,0.000938828341736138,0.00093877865282892,633.117490363698,633.117236468114,635.834882815144,635.834882815144,639.094518988274,639.128573360578,26161.6382276275,1.39980454743803,0.0227495710617388,0.000305286152036143,0.00131311998354208,10961.6690151755,1,403.327384772021,1
70,101324.853580729,0.75,1.5,448.50494855245,0.812151834985687,0.19699384134125,178.53910479216,0.0592593564779809,0.0223661720147408,3.64950771428743,450.039588165283,446.970308939616,504.567918650309,0.484210963542042,0.489917374021628,0.495623784501214,0.600000023841858,0.600000023841858,0.4805,0.4805,0.0116578154005265,0.0351349385323174,0.0279534148513696,0.00922920875906305,0.475505296716905,0.4755,0.4755,0.4755,0.475940970389474,0.477011172347179,0.00236012730414769,0.00236015358463856,0.00233375000909434,0.00233375000909434,0.00230579246603635,0.00230062609403191,635.558939320405,635.551859744633,642.742364929698,642.742364929698,650.535606499339,651.998402356275,27286.4726638969,1.4322940182224,0.0560686896497736,0.000306566344681156,0.00131037488709238,10963.7952264649,1,195.225443116198,1
71,101325.11823792,0.75,1.5,451.709373281783,0.806224521210499,0.887011183043011,175.415047087162,0.0581690502867539,0.0222519518466831,3.61411105423638,454.316207757517,449.10253880605,497.55755230559,0.49040522328881,0.491394915717345,0.492384608145881,0.600000023841858,0.600000023841858,0.4805,0.4805,0.0114026098229063,0.034363800249074,0.02770810405753,0.00914725232529916,0.475509201899247,0.4755,0.4755,0.4755,0.475870299296698,0.476910206363716,0.00234504771039422,0.00234509306084634,0.00234052975442599,0.00234052975442599,0.00233416659605451,0.0023290821159764,639.645843108662,639.633464890579,640.880551577466,640.880551577466,642.627700121008,644.032017826495,122863.771952884,1.40594140272774,0.0564935228607077,0.000304328255891659,0.0013171575219082,10967.894987657,1,113.519492941216,1
72,101324.785317665,1.5,3,457.832220030225,0.79586021744511,0.340881690128967,169.832609227349,0.0610180982444963,0.0220388500788735,3.76866010389212,459.226111798247,456.438328262203,478.357288202964,0.482366326694208,0.488074763822853,0.493783200951499,0.600000023841858,0.600000023841858,0.4805,0.4805,0.0116262358692056,0.0350339176238341,0.029171447989746,0.00963377666528416,0.475567322647433,0.4755,0.4755,0.475500939997714,0.476937233466069,0.489293751784135,0.00470247947137501,0.0047031443257253,0.0046506999416765,0.00465069075008477,0.00458556944682478,0.00447004816302407,637.96144467702,637.87113306104,645.064191975918,645.06546717858,654.228746052659,671.178543463224,47217.0036179671,1.4748026693704,0.111619843827487,0.000300414832324108,0.00132999541755398,10965.5750482148,29.2851538505066,69.8316923212176,1
73,101324.751706933,1.5,3,457.085702463358,0.797242682356594,0.407773760884501,170.527659674547,0.0610747767042392,0.0220645296817181,3.76800709214256,458.039097890133,456.132307036584,479.81062329717,0.48144495058027,0.486241819968541,0.491038689356812,0.421685109368893,0.600000023841858,0.4805,0.4805,0.0116593977067688,0.0351295679949864,0.0292123149677786,0.00964438621325829,0.4755849593001,0.4755,0.4755,0.4755,0.476664537505812,0.489605687488828,0.00467694858135973,0.00467778319539277,0.00463410755987573,0.00463410755987573,0.00458003338499676,0.00445930695596434,641.444012150051,641.329423508716,647.373838703141,647.373838703141,655.018527427841,672.801878900668,56482.5149033706,1.4761725833161,0.111352533530319,0.000300936830959595,0.00132843483599688,10969.06093885,113.098042843384,1,1
74,101325.093424479,3,6,457.805501937866,0.798370302726503,0.257443979810909,170.382404122739,0.0617815341787947,0.0220395887364631,3.80320730080914,458.262661997477,457.348341878255,469.031462351481,0.483128999483579,0.489232276217685,0.49533555295179,0.346012330800295,0.600000023841858,0.4805,0.4805,0.0117735663523994,0.0354677453717227,0.0301371289839381,0.00995181689027904,0.477382071549924,0.4755,0.477313947539033,0.480414382622695,0.492208085978255,0.53148481553892,0.00939808400471212,0.00943522247290127,0.00928707798636084,0.00922715221684185,0.00889973657135183,0.00824233984089056,638.4320617991,635.915053114273,646.060880062268,650.257425813872,674.181427533911,727.979084172251,35659.683925988,1.49325485628198,0.219062743197014,0.000301362604407628,0.00132994079915209,10964.5270536691,163.747099474977,1,1
75,101325.047721354,3,6,457.557832209269,0.798924264245131,0.258904047097836,170.633480221173,0.0590958925877241,0.0220480954091523,3.6803174765303,458.08053817749,457.035126241048,468.567412821452,0.479201074390298,0.484854901090451,0.490508727790605,0.264824499189854,0.600000023841858,0.4805,0.4805,0.0114069754766399,0.0343587921197246,0.0292129611089697,0.00963857400226105,0.477328087438872,0.4755,0.477102890582777,0.480493941057538,0.49253382422814,0.531081789151831,0.00931009895224483,0.00934583493729917,0.00921223766396352,0.00914724341850031,0.00882676028356986,0.00818634528030254,644.465410505847,641.997214829254,651.309621762136,655.938861797539,679.754379183801,732.955086783053,35861.9241881247,1.42834310876058,0.21721513290098,0.000301571772547785,0.0013294230975424,10970.4457689091,147.562647321254,1,1
