Time,p0,mDotSand,mDotS,Tbed2,rho_g2,D2,Ar2,w_e2,wmf2,FG2,FG3,Tleft,Tcenter,Tright,epsLeft,epsCenter,epsRight,AC1,AC2,AC1set,AC2set,air1,air2,air3,air4,h1,h2,h3,h4,h5,h6,w_p1,w_p2,w_p3,w_p4,w_p5,w_p6,Phi1,Phi2,Phi3,Phi4,Phi5,Phi6
00:00:00,101324.5234375,0.75,1.5,372.30989074707,0.978569891557328,0.125441409025865,0,0.0381461746457295,0.0256005117877515,2.49005515834963,2.94047062506195,360.169036865234,384.450744628906,422.855499267578,0.465018380461717,0.474726376131825,0.484434371801933,0.600000023841858,0.600000023841858,0.4805,0.4805,0.0110292959902794,0.0330617116560857,0.0255950502215121,0.00798665377114413,0,0,0,0,0,0,0.00230893075082687,0.00230893075082687,0.00226625758257118,0.00226625758257118,0.0022251331439074,0.0022251331439074,649.651358951679,649.651358951679,661.884161595691,661.884161595691,674.116964239701,674.116964239701
00:00:01,101320.2421875,0.75,1.5,372.310806274414,0.978604581602032,0.125441409025865,0,0.0380212888467878,0.0256004611454208,2.48517984230095,2.94710386561067,360.182556152344,384.439056396484,422.846069335938,0.465018380461717,0.474726376131825,0.484434371801933,0.600000023841858,0.600000023841858,0.4805,0.4805,0.011008550663509,0.0329980840969146,0.0256546717263743,0.00801018289206446,0,0,0,0,0,0,0.00230893075082687,0.00230893075082687,0.00226625758257118,0.00226625758257118,0.0022251331439074,0.0022251331439074,649.651358951679,649.651358951679,661.884161595691,661.884161595691,674.116964239701,674.116964239701
00:00:02,101326.1953125,0.75,1.5,372.311721801757,0.978679176896331,0.125441409025865,0,0.037998983564531,0.0256004060895317,2.4843117500417,2.94768365231396,360.196075439453,384.427368164062,422.836608886719,0.465018380461717,0.474726376131825,0.484434371801933,0.600000023841858,0.600000023841858,0.4805,0.4805,0.0110003622744978,0.032989001108406,0.0256638204724937,0.00801708326330609,0,0,0,0,0,0,0.00230893075082687,0.00230893075082687,0.00226625758257118,0.00226625758257118,0.0022251331439074,0.0022251331439074,649.651358951679,649.651358951679,661.884161595691,661.884161595691,674.116964239701,674.116964239701
00:00:03,101324.671875,0.75,1.5,372.312637329102,0.978592973814047,0.125441409025865,0,0.0380365223996369,0.0256003688191212,2.48578025060432,2.94620992316719,360.209625244141,384.415649414062,422.827178955078,0.465018380461717,0.474726376131825,0.484434371801933,0.600000023841858,0.600000023841858,0.4805,0.4805,0.0110037590882558,0.0330055457496841,0.0256481171290908,0.00801162822889439,0,0,0,0,0,0,0.00230893075082687,0.00230893075082687,0.00226625758257118,0.00226625758257118,0.0022251331439074,0.0022251331439074,649.651358951679,649.651358951679,661.884161595691,661.884161595691,674.116964239701,674.116964239701
00:00:04,101327.6171875,0.75,1.5,372.313552856446,0.978730549975106,0.125441409025865,0,0.0379663397321201,0.0256003067976476,2.48304237258629,2.94880761973326,360.22314453125,384.403961181641,422.817749023438,0.465018380461717,0.474726376131825,0.484434371801933,0.600000023841858,0.600000023841858,0.4805,0.4805,0.0109983042345792,0.0329737480266209,0.025675791830436,0.00801998384413031,0,0,0,0,0,0,0.00230893075082687,0.00230893075082687,0.00226625758257118,0.00226625758257118,0.0022251331439074,0.0022251331439074,649.651358951679,649.651358951679,661.884161595691,661.884161595691,674.116964239701,674.116964239701
00:00:05,101326.1484375,0.75,1.5,372.33088684082,0.978662866756509,0.125441409025865,0,0.0379485053543502,0.0255994281449436,2.48239660431032,2.94985099111176,360.269500732422,384.392272949219,422.808319091797,0.465018380461717,0.474726376131825,0.484434371801933,0.600000023841858,0.600000023841858,0.4805,0.4805,0.0109960405046229,0.0329617614706816,0.0256859279257088,0.00802287577459438,0,0,0,0,0,0,0.00230893075082687,0.00230893075082687,0.00226625758257118,0.00226625758257118,0.0022251331439074,0.0022251331439074,649.651358951679,649.651358951679,661.884161595691,661.884161595691,674.116964239701,674.116964239701
00:00:06,101322.203125,0.75,1.5,372.330474853516,0.978593793567875,0.125441409025865,0,0.0379364463585542,0.0255994568447575,2.4819238778624,2.95141620377994,360.280395507812,384.380554199219,422.798858642578,0.465018380461717,0.474726376131825,0.484434371801933,0.600000023841858,0.600000023841858,0.4805,0.4805,0.0109905229266771,0.0329531954880498,0.0256995940841677,0.00802207625393474,0,0,0,0,0,0,0.00230893075082687,0.00230893075082687,0.00226625758257118,0.00226625758257118,0.0022251331439074,0.0022251331439074,649.651358951679,649.651358951679,661.884161595691,661.884161595691,674.116964239701,674.116964239701
00:00:07,101322.265625,0.75,1.5,372.329849243164,0.978558763100851,0.125441409025865,0,0.037955001278101,0.0255994927000952,2.48264661814802,2.95010928018813,360.290832519531,384.368865966797,422.789428710938,0.465018380461717,0.474726376131825,0.484434371801933,0.600000023841858,0.600000023841858,0.4805,0.4805,0.0109954487426569,0.0329616577189062,0.0256879459860597,0.00801911404504771,0,0,0,0,0,0,0.00230893075082687,0.00230893075082687,0.00226625758257118,0.00226625758257118,0.0022251331439074,0.0022251331439074,649.651358951679,649.651358951679,661.884161595691,661.884161595691,674.116964239701,674.116964239701
00:00:08,101328.4296875,0.75,1.5,372.329223632812,0.978618067577538,0.125441409025865,0,0.0379501672771863,0.0255995181225194,2.48245631404297,2.94975326898508,360.301300048828,384.357147216797,422.779998779297,0.465018380461717,0.474726376131825,0.484434371801933,0.600000023841858,0.600000023841858,0.4805,0.4805,0.0109952831711623,0.0329611612701408,0.0256875209050959,0.0080189788861125,0,0,0,0,0,0,0.00230893075082687,0.00230893075082687,0.00226625758257118,0.00226625758257118,0.0022251331439074,0.0022251331439074,649.651358951679,649.651358951679,661.884161595691,661.884161595691,674.116964239701,674.116964239701
00:00:09,101327.0234375,0.75,1.5,372.32861328125,0.978598132084331,0.125441409025865,0,0.037946046476886,0.0255995515285583,2.48229340793546,2.94962206847856,360.311767578125,384.345458984375,422.755737304688,0.465018380461717,0.474726376131825,0.484434371801933,0.600000023841858,0.600000023841858,0.4805,0.4805,0.0109926302141895,0.0329583698604641,0.0256882339928023,0.00802249324227751,0,0,0,0,0,0,0.00230893075082687,0.00230893075082687,0.00226625758257118,0.00226625758257118,0.0022251331439074,0.0022251331439074,649.651358951679,649.651358951679,661.884161595691,661.884161595691,674.116964239701,674.116964239701
00:00:10,101330.125,0.75,1.5,372.327987670898,0.978744227602096,0.125441409025865,0,0.037879714664655,0.0255995673523344,2.47970136148417,2.95190494538958,360.322204589844,384.333770751953,422.747009277344,0.465018380461717,0.474726376131825,0.484434371801933,0.600000023841858,0.600000023841858,0.4805,0.4805,0.0109839192859006,0.0329288898486206,0.0257142241630061,0.00803347175204704,0,0,0,0,0,0,0.00230893075082687,0.00230893075082687,0.00226625758257118,0.00226625758257118,0.0022251331439074,0.0022251331439074,649.651358951679,649.651358951679,661.884161595691,661.884161595691,674.116964239701,674.116964239701
00:00:11,101326.984375,0.75,1.5,372.327362060547,0.978662967194496,0.125441409025865,0,0.037959984817816,0.0255996083208443,2.48283459426633,2.94753193272609,360.332672119141,384.322052001953,422.73828125,0.465018380461717,0.474726376131825,0.484434371801933,0.600000023841858,0.600000023841858,0.4805,0.4805,0.0109974202109519,0.0329678126078208,0.0256739196274689,0.00802013034317404,0,0,0,0,0,0,0.00230893075082687,0.00230893075082687,0.00226625758257118,0.00226625758257118,0.0022251331439074,0.0022251331439074,649.651358951679,649.651358951679,661.884161595691,661.884161595691,674.116964239701,674.116964239701
00:00:12,101325.75,0.75,1.5,372.326751708984,0.978644103646528,0.125441409025865,0,0.0379367022418313,0.025599641608565,2.48192317775022,2.94926541597869,360.343139648438,384.310363769531,422.729553222656,0.465018380461717,0.474726376131825,0.484434371801933,0.600000023841858,0.600000023841858,0.4805,0.4805,0.0109921742294866,0.0329551181865178,0.0256882187096169,0.00802255474101587,0,0,0,0,0,0,0.00230893075082687,0.00230893075082687,0.00226625758257118,0.00226625758257118,0.0022251331439074,0.0022251331439074,649.651358951679,649.651358951679,661.884161595691,661.884161595691,674.116964239701,674.116964239701
00:00:13,101325.96875,0.75,1.5,372.326126098632,0.978753990247017,0.125441409025865,0,0.0378927522142323,0.0255996614370042,2.48020520925556,2.95090501891943,360.353576660156,384.298675537109,422.720825195312,0.465018380461717,0.474726376131825,0.484434371801933,0.600000023841858,0.600000023841858,0.4805,0.4805,0.0109836983769683,0.0329360302021278,0.0257085526320729,0.00802856239530936,0,0,0,0,0,0,0.00230893075082687,0.00230893075082687,0.00226625758257118,0.00226625758257118,0.0022251331439074,0.0022251331439074,649.651358951679,649.651358951679,661.884161595691,661.884161595691,674.116964239701,674.116964239701
00:00:14,101321.9453125,0.75,1.5,372.325500488281,0.978692415434738,0.125441409025865,0,0.0379077619426836,0.0255997002286593,2.48078929065917,2.94949939868076,360.364044189453,384.286956787109,422.712097167969,0.465018380461717,0.474726376131825,0.484434371801933,0.600000023841858,0.600000023841858,0.4805,0.4805,0.0109892362164891,0.032941763921819,0.0256960087828052,0.00802861242520621,0,0,0,0,0,0,0.00230893075082687,0.00230893075082687,0.00226625758257118,0.00226625758257118,0.0022251331439074,0.0022251331439074,649.651358951679,649.651358951679,661.884161595691,661.884161595691,674.116964239701,674.116964239701
00:00:15,101318.7265625,0.75,1.5,372.32487487793,0.978601682573969,0.125441409025865,0,0.0379946848540965,0.0255997422452749,2.48418232066807,2.94541489461435,360.374481201172,384.275268554688,422.703369140625,0.465018380461717,0.474726376131825,0.484434371801933,0.600000023841858,0.600000023841858,0.4805,0.4805,0.0109996349008116,0.0329838150817394,0.0256586701905163,0.00801228425047401,0,0,0,0,0,0,0.00230893075082687,0.00230893075082687,0.00226625758257118,0.00226625758257118,0.0022251331439074,0.0022251331439074,649.651358951679,649.651358951679,661.884161595691,661.884161595691,674.116964239701,674.116964239701
00:00:16,101323.6640625,0.75,1.5,372.324249267578,0.978718948282117,0.125441409025865,0,0.0379925094645895,0.0255997612577153,2.48409624144988,2.944264542568,360.384948730469,384.263549804688,422.694641113281,0.465018380461717,0.474726376131825,0.484434371801933,0.600000023841858,0.600000023841858,0.4805,0.4805,0.0109995000375394,0.0329866489697091,0.0256527933481944,0.0080142398079394,0,0,0,0,0,0,0.00230893075082687,0.00230893075082687,0.00226625758257118,0.00226625758257118,0.0022251331439074,0.0022251331439074,649.651358951679,649.651358951679,661.884161595691,661.884161595691,674.116964239701,674.116964239701
00:00:17,101325.5703125,0.75,1.5,372.323638916016,0.97873981656795,0.125441409025865,0,0.0379899215440602,0.025599790151545,2.48399347491399,2.94345255364392,360.395416259766,384.251861572266,422.685882568359,0.465018380461717,0.474726376131825,0.484434371801933,0.600000023841858,0.600000023841858,0.4805,0.4805,0.0110040050616563,0.0329860248630997,0.0256475821460343,0.0080143478324332,0,0,0,0,0,0,0.00230893075082687,0.00230893075082687,0.00226625758257118,0.00226625758257118,0.0022251331439074,0.0022251331439074,649.651358951679,649.651358951679,661.884161595691,661.884161595691,674.116964239701,674.116964239701
00:00:18,101324.0546875,0.75,1.5,372.323013305664,0.978631750986246,0.125441409025865,0,0.0380380910767127,0.0255998340854629,2.48587256267856,2.94101968822038,360.405853271484,384.240173339844,422.677154541016,0.465018380461717,0.474726376131825,0.484434371801933,0.600000023841858,0.600000023841858,0.4805,0.4805,0.0110115690750539,0.0330073898892135,0.0256248664629341,0.00800691755324387,0,0,0,0,0,0,0.00230893075082687,0.00230893075082687,0.00226625758257118,0.00226625758257118,0.0022251331439074,0.0022251331439074,649.651358951679,649.651358951679,661.884161595691,661.884161595691,674.116964239701,674.116964239701
00:00:19,101327.4140625,0.75,1.5,372.316482543945,0.978687361744855,0.125441409025865,0,0.0380521468480347,0.025600161800297,2.48640259170523,2.93936320773946,360.416320800781,384.216644287109,422.668426513672,0.465018380461717,0.474726376131825,0.484434371801933,0.600000023841858,0.600000023841858,0.4805,0.4805,0.0110163650050121,0.0330167263106026,0.0256127809712127,0.00800364843345889,0,0,0,0,0,0,0.00230893075082687,0.00230893075082687,0.00226625758257118,0.00226625758257118,0.0022251331439074,0.0022251331439074,649.651358951679,649.651358951679,661.884161595691,661.884161595691,674.116964239701,674.116964239701
00:00:20,101325.9609375,0.75,1.5,372.318237304688,0.978651687939137,0.125441409025865,0,0.0380159422933245,0.0256000760382369,2.484993335041,2.94274226290524,360.426788330078,384.209686279297,422.659698486328,0.465018380461717,0.474726376131825,0.484434371801933,0.600000023841858,0.600000023841858,0.4805,0.4805,0.0110075913907397,0.0329966995716793,0.0256406414559186,0.00800336604179001,0,0,0,0,0,0,0.00230893075082687,0.00230893075082687,0.00226625758257118,0.00226625758257118,0.0022251331439074,0.0022251331439074,649.651358951679,649.651358951679,661.884161595691,661.884161595691,674.116964239701,674.116964239701
00:00:21,101322.5234375,0.75,1.5,372.319976806641,0.978694177578666,0.125441409025865,0,0.0379870424276837,0.0255999824118204,2.48386986430677,2.94416477135265,360.437225341797,384.202728271484,422.650970458984,0.465018380461717,0.474726376131825,0.484434371801933,0.600000023841858,0.600000023841858,0.4805,0.4805,0.0109961742914587,0.0329830930193855,0.0256562684796681,0.0080115457468369,0,0,0,0,0,0,0.00230893075082687,0.00230893075082687,0.00226625758257118,0.00226625758257118,0.0022251331439074,0.0022251331439074,649.651358951679,649.651358951679,661.884161595691,661.884161595691,674.116964239701,674.116964239701
00:00:22,101318.25,0.75,1.5,372.321746826172,0.978736994604771,0.125441409025865,0,0.0379108061913464,0.0255998871898006,2.48089739264362,2.94805240897069,360.447692871094,384.19580078125,422.642242431641,0.465018380461717,0.474726376131825,0.484434371801933,0.600000023841858,0.600000023841858,0.4805,0.4805,0.0109871857435947,0.0329449405375183,0.0256924901949864,0.00802124280109105,0,0,0,0,0,0,0.00230893075082687,0.00230893075082687,0.00226625758257118,0.00226625758257118,0.0022251331439074,0.0022251331439074,649.651358951679,649.651358951679,661.884161595691,661.884161595691,674.116964239701,674.116964239701
00:00:23,101324.1640625,0.75,1.5,372.323501586915,0.978718101742481,0.125441409025865,0,0.0378564883188003,0.0255997995736006,2.47878065255789,2.95116425852935,360.458160400391,384.188842773438,422.633514404297,0.465018380461717,0.474726376131825,0.484434371801933,0.600000023841858,0.600000023841858,0.4805,0.4805,0.0109764938596194,0.0329160833437277,0.0257187014007551,0.0080333584129293,0,0,0,0,0,0,0.00230893075082687,0.00230893075082687,0.00226625758257118,0.00226625758257118,0.0022251331439074,0.0022251331439074,649.651358951679,649.651358951679,661.884161595691,661.884161595691,674.116964239701,674.116964239701
00:00:24,101324.78125,0.75,1.5,372.325256347656,0.978649180484495,0.125441409025865,0,0.0378974241923181,0.0255997174910176,2.48038446930578,2.94962016410796,360.468597412109,384.181915283203,422.624786376953,0.465018380461717,0.474726376131825,0.484434371801933,0.600000023841858,0.600000023841858,0.4805,0.4805,0.0109823247259908,0.0329349556058973,0.0257046383219864,0.00802150144037886,0,0,0,0,0,0,0.00230893075082687,0.00230893075082687,0.00226625758257118,0.00226625758257118,0.0022251331439074,0.0022251331439074,649.651358951679,649.651358951679,661.884161595691,661.884161595691,674.116964239701,674.116964239701
00:00:25,101334.15625,0.75,1.5,372.327011108399,0.978677738570131,0.125441409025865,0,0.0378999674799453,0.0255996246280148,2.4804891880512,2.94895274746005,360.479064941406,384.174957275391,422.616058349609,0.465018380461717,0.474726376131825,0.484434371801933,0.600000023841858,0.600000023841858,0.4805,0.4805,0.0109819424906058,0.0329371877183024,0.0257012570296221,0.00802181059556409,0,0,0,0,0,0,0.00230893075082687,0.00230893075082687,0.00226625758257118,0.00226625758257118,0.0022251331439074,0.0022251331439074,649.651358951679,649.651358951679,661.884161595691,661.884161595691,674.116964239701,674.116964239701
00:00:26,101323.1328125,0.75,1.5,372.328765869141,0.978552385358507,0.125441409025865,0,0.0379265928604502,0.0255995487876314,2.48153364635765,2.94786283840864,360.489532470703,384.167999267578,422.607330322266,0.465018380461717,0.474726376131825,0.484434371801933,0.600000023841858,0.600000023841858,0.4805,0.4805,0.0109840949359451,0.0329467384444469,0.0256897092937584,0.00802043289978512,0,0,0,0,0,0,0.00230893075082687,0.00230893075082687,0.00226625758257118,0.00226625758257118,0.0022251331439074,0.0022251331439074,649.651358951679,649.651358951679,661.884161595691,661.884161595691,674.116964239701,674.116964239701
00:00:27,101322.234375,0.75,1.5,372.330520629883,0.978672104544566,0.125441409025865,0,0.037831997282175,0.0255994458439046,2.47784438432221,2.9528600706105,360.499969482422,384.161071777344,422.598571777344,0.465018380461717,0.474726376131825,0.484434371801933,0.600000023841858,0.600000023841858,0.4805,0.4805,0.0109653186342493,0.0329016494874046,0.0257359822056363,0.00803680832386703,0,0,0,0,0,0,0.00230893075082687,0.00230893075082687,0.00226625758257118,0.00226625758257118,0.0022251331439074,0.0022251331439074,649.651358951679,649.651358951679,661.884161595691,661.884161595691,674.116964239701,674.116964239701
00:00:28,101324.359375,0.75,1.5,372.34538269043,0.978645092511105,0.125441409025865,0,0.0378408892292302,0.0255986891082515,2.47823543108825,2.95121775534126,360.536651611328,384.154113769531,422.58984375,0.465018380461717,0.474726376131825,0.484434371801933,0.600000023841858,0.600000023841858,0.4805,0.4805,0.0109743943008609,0.0329049609658036,0.025725371703295,0.00803380942103888,0,0,0,0,0,0,0.00230893075082687,0.00230893075082687,0.00226625758257118,0.00226625758257118,0.0022251331439074,0.0022251331439074,649.651358951679,649.651358951679,661.884161595691,661.884161595691,674.116964239701,674.116964239701
00:00:29,101329.1015625,0.75,1.5,372.348571777344,0.978627257171549,0.125441409025865,0,0.0378919609622099,0.0255985280657451,2.48023983507534,2.9483326134451,360.549987792969,384.147155761719,422.581115722656,0.465018380461717,0.474726376131825,0.484434371801933,0.600000023841858,0.600000023841858,0.4805,0.4805,0.0109879290367707,0.0329307672609712,0.0256999464256848,0.00801867140741294,0,0,0,0,0,0,0.00230893075082687,0.00230893075082687,0.00226625758257118,0.00226625758257118,0.0022251331439074,0.0022251331439074,649.651358951679,649.651358951679,661.884161595691,661.884161595691,674.116964239701,674.116964239701
00:00:30,101332.328125,0.75,1.5,372.351776123046,0.978587912613827,0.125441409025865,0,0.037901430783301,0.0255983686237962,2.48061899335522,2.94824354388883,360.563323974609,384.140228271484,422.572387695312,0.465018380461717,0.474726376131825,0.484434371801933,0.600000023841858,0.600000023841858,0.4805,0.4805,0.010984228802811,0.0329342721611897,0.0256978477107175,0.00801974853334306,0,0,0,0,0,0,0.00230893075082687,0.00230893075082687,0.00226625758257118,0.00226625758257118,0.0022251331439074,0.0022251331439074,649.651358951679,649.651358951679,661.884161595691,661.884161595691,674.116964239701,674.116964239701
00:00:31,101327.5078125,0.75,1.5,372.354965209961,0.978579620080157,0.125441409025865,0,0.0378994180473426,0.0255982065300146,2.48054974097129,2.9474433955464,360.57666015625,384.133270263672,422.563659667969,0.465018380461717,0.474726376131825,0.484434371801933,0.600000023841858,0.600000023841858,0.4805,0.4805,0.0109857783715563,0.0329328651074984,0.025692411317353,0.00802382015149484,0,0,0,0,0,0,0.00230893075082687,0.00230893075082687,0.00226625758257118,0.00226625758257118,0.0022251331439074,0.0022251331439074,649.651358951679,649.651358951679,661.884161595691,661.884161595691,674.116964239701,674.116964239701
00:00:32,101318.703125,0.75,1.5,372.358154296875,0.978398106001002,0.125441409025865,0,0.0379548974693812,0.0255980635927042,2.48272533709147,2.94565780741062,360.589965820312,384.126342773438,422.554931640625,0.465018380461717,0.474726376131825,0.484434371801933,0.600000023841858,0.600000023841858,0.4805,0.4805,0.0109907920740212,0.0329554512689669,0.0256743352296524,0.00801307411510305,0,0,0,0,0,0,0.00230893075082687,0.00230893075082687,0.00226625758257118,0.00226625758257118,0.0022251331439074,0.0022251331439074,649.651358951679,649.651358951679,661.884161595691,661.884161595691,674.116964239701,674.116964239701
00:00:33,101320.234375,0.75,1.5,372.361343383789,0.978429808276324,0.125441409025865,0,0.0379489058640136,0.0255978970801931,2.48250091580286,2.945456386454,360.603302001953,384.119384765625,422.546203613281,0.465018380461717,0.474726376131825,0.484434371801933,0.600000023841858,0.600000023841858,0.4805,0.4805,0.010990528727337,0.032953325697275,0.0256721841610793,0.00801639717927415,0,0,0,0,0,0,0.00230893075082687,0.00230893075082687,0.00226625758257118,0.00226625758257118,0.0022251331439074,0.0022251331439074,649.651358951679,649.651358951679,661.884161595691,661.884161595691,674.116964239701,674.116964239701
00:00:34,101330.3125,0.75,1.5,372.364532470703,0.978542453399665,0.125441409025865,0,0.0379725708664474,0.0255977216197292,2.48343557409346,2.94236794669541,360.616638183594,384.112426757812,422.537475585938,0.465018380461717,0.474726376131825,0.484434371801933,0.600000023841858,0.600000023841858,0.4805,0.4805,0.0109963010289961,0.0329693018855615,0.0256511467728903,0.00801446381735853,0,0,0,0,0,0,0.00230893075082687,0.00230893075082687,0.00226625758257118,0.00226625758257118,0.0022251331439074,0.0022251331439074,649.651358951679,649.651358951679,661.884161595691,661.884161595691,674.116964239701,674.116964239701
00:00:35,101326.734375,0.75,1.5,372.367736816406,0.978465528751505,0.125441409025865,0,0.0380277909929277,0.0255975663429211,2.48560181399604,2.94003747092007,360.629974365234,384.105499267578,422.528747558594,0.465018380461717,0.474726376131825,0.484434371801933,0.600000023841858,0.600000023841858,0.4805,0.4805,0.0109971319268262,0.0329952660210411,0.025631293926473,0.00800629937030728,0,0,0,0,0,0,0.00230893075082687,0.00230893075082687,0.00226625758257118,0.00226625758257118,0.0022251331439074,0.0022251331439074,649.651358951679,649.651358951679,661.884161595691,661.884161595691,674.116964239701,674.116964239701
00:00:36,101321.7578125,0.75,1.5,372.370910644531,0.97839229864624,0.125441409025865,0,0.0380033705719236,0.0255974122192061,2.48465673977032,2.94138038111772,360.643280029297,384.098541259766,422.52001953125,0.465018380461717,0.474726376131825,0.484434371801933,0.600000023841858,0.600000023841858,0.4805,0.4805,0.0110004054150753,0.0329800535174782,0.025641011474278,0.00800729857765714,0,0,0,0,0,0,0.00230893075082687,0.00230893075082687,0.00226625758257118,0.00226625758257118,0.0022251331439074,0.0022251331439074,649.651358951679,649.651358951679,661.884161595691,661.884161595691,674.116964239701,674.116964239701
00:00:37,101319.28125,0.75,1.5,372.374114990234,0.97827180462283,0.125441409025865,0,0.0380490956735151,0.0255972617633511,2.48645179415213,2.93960641756831,360.656616210938,384.091613769531,422.495208740234,0.465018380461717,0.474726376131825,0.484434371801933,0.600000023841858,0.600000023841858,0.4805,0.4805,0.011007021136094,0.0329996215821394,0.0256227344451342,0.00799817489834283,0,0,0,0,0,0,0.00230893075082687,0.00230893075082687,0.00226625758257118,0.00226625758257118,0.0022251331439074,0.0022251331439074,649.651358951679,649.651358951679,661.884161595691,661.884161595691,674.116964239701,674.116964239701
00:00:38,101319.203125,0.75,1.5,372.377304077148,0.978249409659131,0.125441409025865,0,0.0381223914518845,0.0255971012425686,2.48932455634805,2.93545149770925,360.669952392578,384.084655761719,422.485595703125,0.465018380461717,0.474726376131825,0.484434371801933,0.600000023841858,0.600000023841858,0.4805,0.4805,0.0110195013230653,0.0330367847394278,0.025588452247807,0.00798159149125134,0,0,0,0,0,0,0.00230893075082687,0.00230893075082687,0.00226625758257118,0.00226625758257118,0.0022251331439074,0.0022251331439074,649.651358951679,649.651358951679,661.884161595691,661.884161595691,674.116964239701,674.116964239701
00:00:39,101320.09375,0.75,1.5,372.380493164062,0.978220136159009,0.125441409025865,0,0.038149474465949,0.0255969414842863,2.4903919083211,2.93384563369778,360.683288574219,384.077697753906,422.475982666016,0.465018380461717,0.474726376131825,0.484434371801933,0.600000023841858,0.600000023841858,0.4805,0.4805,0.0110237628698099,0.0330497546759587,0.025574378225736,0.00797721176988819,0,0,0,0,0,0,0.00230893075082687,0.00230893075082687,0.00226625758257118,0.00226625758257118,0.0022251331439074,0.0022251331439074,649.651358951679,649.651358951679,661.884161595691,661.884161595691,674.116964239701,674.116964239701
00:00:40,101329.7734375,0.75,1.5,372.383682250977,0.978531134634859,0.125441409025865,0,0.0379490260175193,0.0255967441068041,2.48257238729951,2.94298838948746,360.696594238281,384.070770263672,422.466369628906,0.465018380461717,0.474726376131825,0.484434371801933,0.600000023841858,0.600000023841858,0.4805,0.4805,0.010988840803109,0.0329562027067301,0.0256626497188927,0.00801619738988279,0,0,0,0,0,0,0.00230893075082687,0.00230893075082687,0.00226625758257118,0.00226625758257118,0.0022251331439074,0.0022251331439074,649.651358951679,649.651358951679,661.884161595691,661.884161595691,674.116964239701,674.116964239701
00:00:41,101326.59375,0.75,1.5,372.386871337891,0.978431400229045,0.125441409025865,0,0.0379335897452356,0.0255965921432322,2.48197812947007,2.94443678505008,360.709930419922,384.063812255859,422.456756591797,0.465018380461717,0.474726376131825,0.484434371801933,0.600000023841858,0.600000023841858,0.4805,0.4805,0.0109870723277841,0.0329447601556279,0.0256726376089401,0.00801819826610343,0,0,0,0,0,0,0.00230893075082687,0.00230893075082687,0.00226625758257118,0.00226625758257118,0.0022251331439074,0.0022251331439074,649.651358951679,649.651358951679,661.884161595691,661.884161595691,674.116964239701,674.116964239701
00:00:42,101326.921875,0.75,1.5,372.390075683594,0.978461602799468,0.125441409025865,0,0.0378261067090781,0.0255964250359371,2.47778866212648,2.94993463583747,360.723266601562,384.056884765625,422.447143554688,0.465018380461717,0.474726376131825,0.484434371801933,0.600000023841858,0.600000023841858,0.4805,0.4805,0.0109635119034746,0.0328899513943587,0.025722945363214,0.00804503743724945,0,0,0,0,0,0,0.00230893075082687,0.00230893075082687,0.00226625758257118,0.00226625758257118,0.0022251331439074,0.0022251331439074,649.651358951679,649.651358951679,661.884161595691,661.884161595691,674.116964239701,674.116964239701
00:00:43,101332.796875,0.75,1.5,372.393264770507,0.978481698137452,0.125441409025865,0,0.037863821489918,0.0255962598280975,2.47927164922565,2.94675986868413,360.736602783203,384.049926757812,422.437530517578,0.465018380461717,0.474726376131825,0.484434371801933,0.600000023841858,0.600000023841858,0.4805,0.4805,0.0109770596730514,0.0329100999099561,0.0256985332101803,0.00803453638233066,0,0,0,0,0,0,0.00230893075082687,0.00230893075082687,0.00226625758257118,0.00226625758257118,0.0022251331439074,0.0022251331439074,649.651358951679,649.651358951679,661.884161595691,661.884161595691,674.116964239701,674.116964239701
00:00:44,101325.7734375,0.75,1.5,372.396438598633,0.978461295517791,0.125441409025865,0,0.0378297740296922,0.0255960998794351,2.47795071154907,2.94868096507665,360.749908447266,384.04296875,422.427917480469,0.465018380461717,0.474726376131825,0.484434371801933,0.600000023841858,0.600000023841858,0.4805,0.4805,0.010971973861769,0.0328916742598706,0.0257140398241756,0.00804131896954443,0,0,0,0,0,0,0.00230893075082687,0.00230893075082687,0.00226625758257118,0.00226625758257118,0.0022251331439074,0.0022251331439074,649.651358951679,649.651358951679,661.884161595691,661.884161595691,674.116964239701,674.116964239701
00:00:45,101325.3671875,0.75,1.5,372.416473388672,0.978412810939925,0.125441409025865,0,0.0378778142588565,0.0255950813716631,2.47988645587163,2.94641323326517,360.796905517578,384.036041259766,422.418304443359,0.465018380461717,0.474726376131825,0.484434371801933,0.600000023841858,0.600000023841858,0.4805,0.4805,0.0109759387630808,0.0329144279431472,0.0256950485077897,0.00803236944118301,0,0,0,0,0,0,0.00230893075082687,0.00230893075082687,0.00226625758257118,0.00226625758257118,0.0022251331439074,0.0022251331439074,649.651358951679,649.651358951679,661.884161595691,661.884161595691,674.116964239701,674.116964239701
00:00:46,101323.484375,0.75,1.5,372.419937133789,0.978333664322588,0.125441409025865,0,0.0378878606572541,0.025594913115795,2.48028869978359,2.94696843488902,360.810791015625,384.029083251953,422.40869140625,0.465018380461717,0.474726376131825,0.484434371801933,0.600000023841858,0.600000023841858,0.4805,0.4805,0.0109751873780281,0.032916887383977,0.0257005925855132,0.00802390038490423,0,0,0,0,0,0,0.00230893075082687,0.00230893075082687,0.00226625758257118,0.00226625758257118,0.0022251331439074,0.0022251331439074,649.651358951679,649.651358951679,661.884161595691,661.884161595691,674.116964239701,674.116964239701
00:00:47,101326.90625,0.75,1.5,372.423400878906,0.978409863513328,0.125441409025865,0,0.037899245541494,0.025594727690521,2.4807442376318,2.94469092222579,360.824676513672,384.022125244141,422.399078369141,0.465018380461717,0.474726376131825,0.484434371801933,0.600000023841858,0.600000023841858,0.4805,0.4805,0.0109816738436177,0.032925258732443,0.0256845847452829,0.0080238281509199,0,0,0,0,0,0,0.00230893075082687,0.00230893075082687,0.00226625758257118,0.00226625758257118,0.0022251331439074,0.0022251331439074,649.651358951679,649.651358951679,661.884161595691,661.884161595691,674.116964239701,674.116964239701
00:00:48,101319.9921875,0.75,1.5,372.426879882812,0.9783168882461,0.125441409025865,0,0.0378959122843608,0.0255945601880059,2.48062369526942,2.94525336608571,360.838562011719,384.015197753906,422.389465332031,0.465018380461717,0.474726376131825,0.484434371801933,0.600000023841858,0.600000023841858,0.4805,0.4805,0.0109788843191291,0.0329203147750934,0.0256879519769368,0.0080269721409454,0,0,0,0,0,0,0.00230893075082687,0.00230893075082687,0.00226625758257118,0.00226625758257118,0.0022251331439074,0.0022251331439074,649.651358951679,649.651358951679,661.884161595691,661.884161595691,674.116964239701,674.116964239701
00:00:49,101320.5859375,0.75,1.5,372.43034362793,0.978200456008932,0.125441409025865,0,0.0379419962009106,0.0255943960600584,2.4824337371305,2.9432254214522,360.852447509766,384.008239746094,422.379852294922,0.465018380461717,0.474726376131825,0.484434371801933,0.600000023841858,0.600000023841858,0.4805,0.4805,0.0109854315771494,0.0329402037779064,0.025668149964804,0.00801912096946657,0,0,0,0,0,0,0.00230893075082687,0.00230893075082687,0.00226625758257118,0.00226625758257118,0.0022251331439074,0.0022251331439074,649.651358951679,649.651358951679,661.884161595691,661.884161595691,674.116964239701,674.116964239701
00:00:50,101323.84375,0.75,1.5,372.433822631835,0.978286036464239,0.125441409025865,0,0.0379054910734891,0.0255942088256707,2.48101827767656,2.94412435495239,360.866333007812,384.001312255859,422.370239257812,0.465018380461717,0.474726376131825,0.484434371801933,0.600000023841858,0.600000023841858,0.4805,0.4805,0.0109797253157302,0.0329240609574394,0.0256803161657214,0.00802758159027652,0,0,0,0,0,0,0.00230893075082687,0.00230893075082687,0.00226625758257118,0.00226625758257118,0.0022251331439074,0.0022251331439074,649.651358951679,649.651358951679,661.884161595691,661.884161595691,674.116964239701,674.116964239701
00:00:51,101324.0703125,0.75,1.5,372.437286376953,0.978169300493142,0.125441409025865,0,0.037998613993734,0.0255940447356198,2.48466623334648,2.93957417264641,360.880218505859,383.994354248047,422.360626220703,0.465018380461717,0.474726376131825,0.484434371801933,0.600000023841858,0.600000023841858,0.4805,0.4805,0.0109970092713667,0.0329683248480693,0.0256380385442927,0.00800708910528007,0,0,0,0,0,0,0.00230893075082687,0.00230893075082687,0.00226625758257118,0.00226625758257118,0.0022251331439074,0.0022251331439074,649.651358951679,649.651358951679,661.884161595691,661.884161595691,674.116964239701,674.116964239701
00:00:52,101323.671875,0.75,1.5,372.44075012207,0.978226591305214,0.125441409025865,0,0.0379425293256618,0.0255938614128879,2.48248553485391,2.94242552604192,360.894104003906,383.987396240234,422.351013183594,0.465018380461717,0.474726376131825,0.484434371801933,0.600000023841858,0.600000023841858,0.4805,0.4805,0.0109837613960848,0.0329410830760841,0.0256657638762786,0.00801863649778295,0,0,0,0,0,0,0.00230893075082687,0.00230893075082687,0.00226625758257118,0.00226625758257118,0.0022251331439074,0.0022251331439074,649.651358951679,649.651358951679,661.884161595691,661.884161595691,674.116964239701,674.116964239701
00:00:53,101324.7734375,0.75,1.5,372.444229125977,0.978218550729912,0.125441409025865,0,0.0379727121334263,0.0255936845338915,2.48367508723265,2.94062399623937,360.907989501953,383.98046875,422.341400146484,0.465018380461717,0.474726376131825,0.484434371801933,0.600000023841858,0.600000023841858,0.4805,0.4805,0.0109883145591141,0.0329563690642039,0.0256507783016245,0.00801256066112912,0,0,0,0,0,0,0.00230893075082687,0.00230893075082687,0.00226625758257118,0.00226625758257118,0.0022251331439074,0.0022251331439074,649.651358951679,649.651358951679,661.884161595691,661.884161595691,674.116964239701,674.116964239701
00:00:54,101332.34375,0.75,1.5,372.447692871094,0.978465347197449,0.125441409025865,0,0.0379536670172391,0.0255934802718282,2.48294278910619,2.93922879323136,360.921875,383.973510742188,422.331787109375,0.465018380461717,0.474726376131825,0.484434371801933,0.600000023841858,0.600000023841858,0.4805,0.4805,0.0109893433445507,0.0329547012138705,0.0256459628443683,0.00801679292312314,0,0,0,0,0,0,0.00230893075082687,0.00230893075082687,0.00226625758257118,0.00226625758257118,0.0022251331439074,0.0022251331439074,649.651358951679,649.651358951679,661.884161595691,661.884161595691,674.116964239701,674.116964239701
00:00:55,101322.390625,0.75,1.5,372.442947387695,0.978245371853696,0.125441409025865,0,0.0380285492055866,0.0255937470625521,2.4858531309481,2.93736235535393,360.935760498047,383.950134277344,422.322174072266,0.465018380461717,0.474726376131825,0.484434371801933,0.600000023841858,0.600000023841858,0.4805,0.4805,0.0109962013942825,0.032986254941636,0.0256268259330337,0.00799630113418225,0,0,0,0,0,0,0.00230893075082687,0.00230893075082687,0.00226625758257118,0.00226625758257118,0.0022251331439074,0.0022251331439074,649.651358951679,649.651358951679,661.884161595691,661.884161595691,674.116964239701,674.116964239701
00:00:56,101322.5234375,0.75,1.5,372.44889831543,0.978346633079374,0.125441409025865,0,0.0379757545532368,0.025593431798935,2.4838086135372,2.93882201654878,360.949645996094,383.948150634766,422.312561035156,0.465018380461717,0.474726376131825,0.484434371801933,0.600000023841858,0.600000023841858,0.4805,0.4805,0.0109912926699523,0.0329621307006786,0.0256430201280978,0.00800791764424679,0,0,0,0,0,0,0.00230893075082687,0.00230893075082687,0.00226625758257118,0.00226625758257118,0.0022251331439074,0.0022251331439074,649.651358951679,649.651358951679,661.884161595691,661.884161595691,674.116964239701,674.116964239701
00:00:57,101325.1796875,0.75,1.5,372.454910278321,0.978275165581275,0.125441409025865,0,0.0380557905700473,0.0255931325142953,2.48695321093621,2.93460889588944,360.963531494141,383.9462890625,422.302947998047,0.465018380461717,0.474726376131825,0.484434371801933,0.600000023841858,0.600000023841858,0.4805,0.4805,0.0110042357528901,0.0330010652077847,0.0256054408003443,0.00799239712179759,0,0,0,0,0,0,0.00230893075082687,0.00230893075082687,0.00226625758257118,0.00226625758257118,0.0022251331439074,0.0022251331439074,649.651358951679,649.651358951679,661.884161595691,661.884161595691,674.116964239701,674.116964239701
00:00:58,101331.046875,0.75,1.5,372.4609375,0.978357856065623,0.125441409025865,0,0.0379830656208965,0.0255928154202194,2.48413001841479,2.9376683463137,360.977416992188,383.944458007812,422.293334960938,0.465018380461717,0.474726376131825,0.484434371801933,0.600000023841858,0.600000023841858,0.4805,0.4805,0.0109987182622853,0.0329659802166207,0.0256341594411317,0.00800306404000062,0,0,0,0,0,0,0.00230893075082687,0.00230893075082687,0.00226625758257118,0.00226625758257118,0.0022251331439074,0.0022251331439074,649.651358951679,649.651358951679,661.884161595691,661.884161595691,674.116964239701,674.116964239701
00:00:59,101327.5625,0.75,1.5,372.466949462891,0.978239413483624,0.125441409025865,0,0.0379422574170102,0.0255925213410294,2.4825525360091,2.94097129380081,360.991302490234,383.942596435547,422.283721923828,0.465018380461717,0.474726376131825,0.484434371801933,0.600000023841858,0.600000023841858,0.4805,0.4805,0.0109836443973195,0.0329406790952805,0.0256597676847431,0.00801660852253649,0,0,0,0,0,0,0.00230893075082687,0.00230893075082687,0.00226625758257118,0.00226625758257118,0.0022251331439074,0.0022251331439074,649.651358951679,649.651358951679,661.884161595691,661.884161595691,674.116964239701,674.116964239701
00:01:00,101327.6953125,0.75,1.5,372.47297668457,0.978376782257354,0.125441409025865,0,0.0378163111601592,0.0255921982198735,2.47764997892182,2.94647474951369,361.005187988281,383.940765380859,422.274108886719,0.465018380461717,0.474726376131825,0.484434371801933,0.600000023841858,0.600000023841858,0.4805,0.4805,0.0109664090599998,0.032879829088735,0.0257133641876765,0.00803987510330932,0,0,0,0,0,0,0.00230893075082687,0.00230893075082687,0.00226625758257118,0.00226625758257118,0.0022251331439074,0.0022251331439074,649.651358951679,649.651358951679,661.884161595691,661.884161595691,674.116964239701,674.116964239701
00:01:01,101324.4140625,0.75,1.5,372.47900390625,0.978250137952157,0.125441409025865,0,0.0378751398160315,0.0255919042813169,2.47996567194423,2.94400706679792,361.019073486328,383.938934326172,422.264495849609,0.465018380461717,0.474726376131825,0.484434371801933,0.600000023841858,0.600000023841858,0.4805,0.4805,0.0109776898233722,0.0329059216611328,0.0256883901928995,0.00802625883953798,0,0,0,0,0,0,0.00230893075082687,0.00230893075082687,0.00226625758257118,0.00226625758257118,0.0022251331439074,0.0022251331439074,649.651358951679,649.651358951679,661.884161595691,661.884161595691,674.116964239701,674.116964239701
00:01:02,101326.1015625,0.75,1.5,372.485015869141,0.978248839439243,0.125441409025865,0,0.037810704688048,0.0255915972781509,2.47746560236509,2.94752586837314,361.032958984375,383.937072753906,422.2548828125,0.465018380461717,0.474726376131825,0.484434371801933,0.600000023841858,0.600000023841858,0.4805,0.4805,0.0109666466360321,0.0328723110075916,0.0257215129839912,0.00803656762916891,0,0,0,0,0,0,0.00230893075082687,0.00230893075082687,0.00226625758257118,0.00226625758257118,0.0022251331439074,0.0022251331439074,649.651358951679,649.651358951679,661.884161595691,661.884161595691,674.116964239701,674.116964239701
00:01:03,101322.328125,0.75,1.5,372.507293701172,0.978234163667493,0.125441409025865,0,0.0378556011859988,0.0255904608059794,2.47928563979409,2.94498200045183,361.079345703125,383.935241699219,422.240142822266,0.465018380461717,0.474726376131825,0.484434371801933,0.600000023841858,0.600000023841858,0.4805,0.4805,0.0109720032751474,0.0328945058570809,0.0257004609190885,0.00802884594530782,0,0,0,0,0,0,0.00230893075082687,0.00230893075082687,0.00226625758257118,0.00226625758257118,0.0022251331439074,0.0022251331439074,649.651358951679,649.651358951679,661.884161595691,661.884161595691,674.116964239701,674.116964239701
00:01:04,101330.6640625,0.75,1.5,372.509994506836,0.978210891733125,0.125441409025865,0,0.0378686720698248,0.0255903254096131,2.47980424100427,2.94425971213755,361.086608886719,383.933380126953,422.228637695312,0.465018380461717,0.474726376131825,0.484434371801933,0.600000023841858,0.600000023841858,0.4805,0.4805,0.0109755544688138,0.0329004297318111,0.0256940036869552,0.00802461118626648,0,0,0,0,0,0,0.00230893075082687,0.00230893075082687,0.00226625758257118,0.00226625758257118,0.0022251331439074,0.0022251331439074,649.651358951679,649.651358951679,661.884161595691,661.884161595691,674.116964239701,674.116964239701
00:01:05,101329.21875,0.75,1.5,372.512405395508,0.978197927490341,0.125441409025865,0,0.0378193593577869,0.0255902036856869,2.47788426470947,2.9468321069201,361.09326171875,383.931549072266,422.217224121094,0.465018380461717,0.474726376131825,0.484434371801933,0.600000023841858,0.600000023841858,0.4805,0.4805,0.0109679621624279,0.0328743646706629,0.0257174812864215,0.0080335686941753,0,0,0,0,0,0,0.00230893075082687,0.00230893075082687,0.00226625758257118,0.00226625758257118,0.0022251331439074,0.0022251331439074,649.651358951679,649.651358951679,661.884161595691,661.884161595691,674.116964239701,674.116964239701
00:01:06,101329.765625,0.75,1.5,372.514816284179,0.978294181041385,0.125441409025865,0,0.0377566209376576,0.0255900698964472,2.47544032081364,2.94959655682654,361.099945068359,383.9296875,422.205780029297,0.465018380461717,0.474726376131825,0.484434371801933,0.600000023841858,0.600000023841858,0.4805,0.4805,0.010954934911949,0.0328450004865532,0.0257464195160797,0.00804579963894695,0,0,0,0,0,0,0.00230893075082687,0.00230893075082687,0.00226625758257118,0.00226625758257118,0.0022251331439074,0.0022251331439074,649.651358951679,649.651358951679,661.884161595691,661.884161595691,674.116964239701,674.116964239701
00:01:07,101321.7578125,0.75,1.5,372.517227172852,0.978061795595365,0.125441409025865,0,0.0378581560276599,0.0255899724164671,2.47941370985215,2.94490573189008,361.106597900391,383.927856445312,422.194366455078,0.465018380461717,0.474726376131825,0.484434371801933,0.600000023841858,0.600000023841858,0.4805,0.4805,0.0109746855849688,0.0328897809296109,0.0257000516858718,0.00802641943029893,0,0,0,0,0,0,0.00230893075082687,0.00230893075082687,0.00226625758257118,0.00226625758257118,0.0022251331439074,0.0022251331439074,649.651358951679,649.651358951679,661.884161595691,661.884161595691,674.116964239701,674.116964239701
00:01:08,101323.6875,0.75,1.5,372.519638061523,0.978180772992235,0.125441409025865,0,0.0378827325548332,0.0255898361191701,2.48038199144442,2.94303662720293,361.11328125,383.925994873047,422.182922363281,0.465018380461717,0.474726376131825,0.484434371801933,0.600000023841858,0.600000023841858,0.4805,0.4805,0.0109701660414964,0.0329064525333498,0.0256870487455178,0.0080260480502277,0,0,0,0,0,0,0.00230893075082687,0.00230893075082687,0.00226625758257118,0.00226625758257118,0.0022251331439074,0.0022251331439074,649.651358951679,649.651358951679,661.884161595691,661.884161595691,674.116964239701,674.116964239701
00:01:09,101324.40625,0.75,1.5,372.522048950195,0.978224317542024,0.125441409025865,0,0.0378331402654893,0.0255897081569655,2.47845141622654,2.94521443784637,361.119934082031,383.924163818359,422.171508789062,0.465018380461717,0.474726376131825,0.484434371801933,0.600000023841858,0.600000023841858,0.4805,0.4805,0.0109665870955153,0.0328821394857523,0.0257083301605008,0.00803143636866416,0,0,0,0,0,0,0.00230893075082687,0.00230893075082687,0.00226625758257118,0.00226625758257118,0.0022251331439074,0.0022251331439074,649.651358951679,649.651358951679,661.884161595691,661.884161595691,674.116964239701,674.116964239701
00:01:10,101321.8671875,0.75,1.5,372.524444580078,0.978185515465514,0.125441409025865,0,0.0378207668969984,0.0255895900727232,2.47797470727415,2.94564025590983,361.126586914062,383.922302246094,422.160064697266,0.465018380461717,0.474726376131825,0.484434371801933,0.600000023841858,0.600000023841858,0.4805,0.4805,0.0109636303337646,0.032874359140688,0.025712408129347,0.00803687858385485,0,0,0,0,0,0,0.00230893075082687,0.00230893075082687,0.00226625758257118,0.00226625758257118,0.0022251331439074,0.0022251331439074,649.651358951679,649.651358951679,661.884161595691,661.884161595691,674.116964239701,674.116964239701
00:01:11,101330.0859375,0.75,1.5,372.526870727539,0.978123255076759,0.125441409025865,0,0.0379099904115223,0.0255894730222091,2.48146819509023,2.941585170722,361.133270263672,383.920471191406,422.148651123047,0.465018380461717,0.474726376131825,0.484434371801933,0.600000023841858,0.600000023841858,0.4805,0.4805,0.0109751597439968,0.0329184599907974,0.0256755722485652,0.00801686194413606,0,0,0,0,0,0,0.00230893075082687,0.00230893075082687,0.00226625758257118,0.00226625758257118,0.0022251331439074,0.0022251331439074,649.651358951679,649.651358951679,661.884161595691,661.884161595691,674.116964239701,674.116964239701
00:01:12,101326.0234375,0.75,1.5,372.529266357422,0.978105732560717,0.125441409025865,0,0.0379351087892004,0.0255893525892591,2.48245676231462,2.9391561417491,361.139923095703,383.918609619141,422.13720703125,0.465018380461717,0.474726376131825,0.484434371801933,0.600000023841858,0.600000023841858,0.4805,0.4805,0.0109850944520789,0.0329308291110147,0.0256569092812614,0.00801199882298185,0,0,0,0,0,0,0.00230893075082687,0.00230893075082687,0.00226625758257118,0.00226625758257118,0.0022251331439074,0.0022251331439074,649.651358951679,649.651358951679,661.884161595691,661.884161595691,674.116964239701,674.116964239701
00:01:13,101325.953125,0.75,1.5,372.531692504882,0.978098705191802,0.125441409025865,0,0.0379346911832558,0.0255892294392049,2.48244757714887,2.93902846973836,361.146606445312,383.916778564453,422.125793457031,0.465018380461717,0.474726376131825,0.484434371801933,0.600000023841858,0.600000023841858,0.4805,0.4805,0.0109849220164276,0.0329303121900539,0.0256565072149357,0.00801187332314142,0,0,0,0,0,0,0.00230893075082687,0.00230893075082687,0.00226625758257118,0.00226625758257118,0.0022251331439074,0.0022251331439074,649.651358951679,649.651358951679,661.884161595691,661.884161595691,674.116964239701,674.116964239701
00:01:14,101318.4140625,0.75,1.5,372.534103393555,0.978013190029555,0.125441409025865,0,0.0379880186486059,0.0255891157401942,2.48453815420187,2.93690863685698,361.153259277344,383.914947509766,422.114349365234,0.465018380461717,0.474726376131825,0.484434371801933,0.600000023841858,0.600000023841858,0.4805,0.4805,0.0109895040707345,0.0329550162887599,0.0256352633865681,0.00800260873833705,0,0,0,0,0,0,0.00230893075082687,0.00230893075082687,0.00226625758257118,0.00226625758257118,0.0022251331439074,0.0022251331439074,649.651358951679,649.651358951679,661.884161595691,661.884161595691,674.116964239701,674.116964239701
00:01:15,101320.6015625,0.75,1.5,372.536514282227,0.978116043626839,0.125441409025865,0,0.0379866793937655,0.0255889812334815,2.48449362040496,2.93596426596529,361.159942626953,383.9130859375,422.102905273438,0.465018380461717,0.474726376131825,0.484434371801933,0.600000023841858,0.600000023841858,0.4805,0.4805,0.0109898797894462,0.0329577180311533,0.0256319975253153,0.00800157487832603,0,0,0,0,0,0,0.00230893075082687,0.00230893075082687,0.00226625758257118,0.00226625758257118,0.0022251331439074,0.0022251331439074,649.651358951679,649.651358951679,661.884161595691,661.884161595691,674.116964239701,674.116964239701
00:01:16,101325.7578125,0.75,1.5,372.538925170898,0.978024932452129,0.125441409025865,0,0.0380217522639853,0.0255888681547689,2.48587081046409,2.93369391690813,361.166595458984,383.911254882812,422.091491699219,0.465018380461717,0.474726376131825,0.484434371801933,0.600000023841858,0.600000023841858,0.4805,0.4805,0.0110012028422254,0.0329727695512937,0.0256100020120815,0.00799597889586191,0,0,0,0,0,0,0.00230893075082687,0.00230893075082687,0.00226625758257118,0.00226625758257118,0.0022251331439074,0.0022251331439074,649.651358951679,649.651358951679,661.884161595691,661.884161595691,674.116964239701,674.116964239701
00:01:17,101329.9609375,0.75,1.5,372.54133605957,0.97811977099775,0.125441409025865,0,0.0379956857842938,0.0255887345361234,2.4848598992129,2.93402815635384,361.173278808594,383.909393310547,422.080047607422,0.465018380461717,0.474726376131825,0.484434371801933,0.600000023841858,0.600000023841858,0.4805,0.4805,0.0109971913063642,0.0329623846807005,0.0256167576615906,0.00800239739264836,0,0,0,0,0,0,0.00230893075082687,0.00230893075082687,0.00226625758257118,0.00226625758257118,0.0022251331439074,0.0022251331439074,649.651358951679,649.651358951679,661.884161595691,661.884161595691,674.116964239701,674.116964239701
00:01:18,101333.3515625,0.75,1.5,372.543746948242,0.978144336470704,0.125441409025865,0,0.0379338715559542,0.0255886086815187,2.48245150911045,2.93731168316099,361.179931640625,383.907562255859,422.068634033203,0.465018380461717,0.474726376131825,0.484434371801933,0.600000023841858,0.600000023841858,0.4805,0.4805,0.0109882944067927,0.0329311017699139,0.0256478681010864,0.00801024450335164,0,0,0,0,0,0,0.00230893075082687,0.00230893075082687,0.00226625758257118,0.00226625758257118,0.0022251331439074,0.0022251331439074,649.651358951679,649.651358951679,661.884161595691,661.884161595691,674.116964239701,674.116964239701
00:01:19,101323.5625,0.75,1.5,372.546157836914,0.97797746869315,0.125441409025865,0,0.0379231070037452,0.0255885039741715,2.48203689602269,2.93980426948878,361.186614990234,383.905700683594,422.057189941406,0.465018380461717,0.474726376131825,0.484434371801933,0.600000023841858,0.600000023841858,0.4805,0.4805,0.0109789004126273,0.0329198500045077,0.0256643693265529,0.00801317211467865,0,0,0,0,0,0,0.00230893075082687,0.00230893075082687,0.00226625758257118,0.00226625758257118,0.0022251331439074,0.0022251331439074,649.651358951679,649.651358951679,661.884161595691,661.884161595691,674.116964239701,674.116964239701
00:01:20,101325.6328125,0.75,1.5,372.548568725586,0.97795607604497,0.125441409025865,0,0.0379231509127759,0.0255883831983236,2.48204560713553,2.93938026687485,361.193267822266,383.903869628906,422.045776367188,0.465018380461717,0.474726376131825,0.484434371801933,0.600000023841858,0.600000023841858,0.4805,0.4805,0.0109808280797581,0.0329190900619302,0.0256620996109861,0.00801305184553317,0,0,0,0,0,0,0.00230893075082687,0.00230893075082687,0.00226625758257118,0.00226625758257118,0.0022251331439074,0.0022251331439074,649.651358951679,649.651358951679,661.884161595691,661.884161595691,674.116964239701,674.116964239701
00:01:21,101316.6640625,0.75,1.5,372.550964355469,0.977925926840068,0.125441409025865,0,0.0378787367645116,0.0255882641701802,2.48031677774588,2.94211957223258,361.199920654297,383.902008056641,422.034332275391,0.465018380461717,0.474726376131825,0.484434371801933,0.600000023841858,0.600000023841858,0.4805,0.4805,0.0109753048928304,0.0328949936277935,0.0256849856548915,0.00801856316253339,0,0,0,0,0,0,0.00230893075082687,0.00230893075082687,0.00226625758257118,0.00226625758257118,0.0022251331439074,0.0022251331439074,649.651358951679,649.651358951679,661.884161595691,661.884161595691,674.116964239701,674.116964239701
00:01:22,101321.90625,0.75,1.5,372.55339050293,0.978028653927836,0.125441409025865,0,0.0378737956731967,0.0255881289072889,2.480131502011,2.94177332438863,361.206604003906,383.900177001953,422.022918701172,0.465018380461717,0.474726376131825,0.484434371801933,0.600000023841858,0.600000023841858,0.4805,0.4805,0.0109734817899907,0.0328958177567548,0.0256850763850387,0.00801825448348622,0,0,0,0,0,0,0.00230893075082687,0.00230893075082687,0.00226625758257118,0.00226625758257118,0.0022251331439074,0.0022251331439074,649.651358951679,649.651358951679,661.884161595691,661.884161595691,674.116964239701,674.116964239701
00:01:23,101319.53125,0.75,1.5,372.555786132813,0.977851780163232,0.125441409025865,0,0.0379442968721838,0.0255880260880789,2.48289269135385,2.93945665842007,361.213256835938,383.898315429688,422.011474609375,0.465018380461717,0.474726376131825,0.484434371801933,0.600000023841858,0.600000023841858,0.4805,0.4805,0.010979484957501,0.0329263534054371,0.0256601897985424,0.00800537999363103,0,0,0,0,0,0,0.00230893075082687,0.00230893075082687,0.00226625758257118,0.00226625758257118,0.0022251331439074,0.0022251331439074,649.651358951679,649.651358951679,661.884161595691,661.884161595691,674.116964239701,674.116964239701
00:01:24,101332.96875,0.75,1.5,372.558212280273,0.978049514310907,0.125441409025865,0,0.0378675025647339,0.025587880333825,2.4798999397647,2.94138463838524,361.219940185547,383.896484375,422.000061035156,0.465018380461717,0.474726376131825,0.484434371801933,0.600000023841858,0.600000023841858,0.4805,0.4805,0.0109726324963254,0.0328931284049045,0.0256844903410867,0.00801993465263623,0,0,0,0,0,0,0.00230893075082687,0.00230893075082687,0.00226625758257118,0.00226625758257118,0.0022251331439074,0.0022251331439074,649.651358951679,649.651358951679,661.884161595691,661.884161595691,674.116964239701,674.116964239701
00:01:25,101322.203125,0.75,1.5,372.560623168945,0.977792842387192,0.125441409025865,0,0.0378957388758799,0.0255877855510759,2.48100892905469,2.94181085730001,361.226593017578,383.894653320312,421.973724365234,0.465018380461717,0.474726376131825,0.484434371801933,0.600000023841858,0.600000023841858,0.4805,0.4805,0.0109703284176524,0.0328990799709206,0.0256834438833356,0.0080161167002659,0,0,0,0,0,0,0.00230893075082687,0.00230893075082687,0.00226625758257118,0.00226625758257118,0.0022251331439074,0.0022251331439074,649.651358951679,649.651358951679,661.884161595691,661.884161595691,674.116964239701,674.116964239701
00:01:26,101318.9140625,0.75,1.5,372.563034057618,0.977896875425256,0.125441409025865,0,0.0378057407982498,0.0255876509284042,2.47749947441571,2.94541039687674,361.233276367188,383.892791748047,421.961090087891,0.465018380461717,0.474726376131825,0.484434371801933,0.600000023841858,0.600000023841858,0.4805,0.4805,0.0109569283665484,0.0328558658368152,0.0257183306984728,0.00803662181017928,0,0,0,0,0,0,0.00230893075082687,0.00230893075082687,0.00226625758257118,0.00226625758257118,0.0022251331439074,0.0022251331439074,649.651358951679,649.651358951679,661.884161595691,661.884161595691,674.116964239701,674.116964239701
00:01:27,101323.2109375,0.75,1.5,372.565444946289,0.977885610667009,0.125441409025865,0,0.0379153735111361,0.0255875290418541,2.48179112758864,2.93903999610293,361.239929199219,383.890960693359,421.948455810547,0.465018380461717,0.474726376131825,0.484434371801933,0.600000023841858,0.600000023841858,0.4805,0.4805,0.0109747462322208,0.032912244560344,0.0256624165182478,0.00801711714104416,0,0,0,0,0,0,0.00230893075082687,0.00230893075082687,0.00226625758257118,0.00226625758257118,0.0022251331439074,0.0022251331439074,649.651358951679,649.651358951679,661.884161595691,661.884161595691,674.116964239701,674.116964239701
00:01:28,101330.0625,0.75,1.5,372.567855834961,0.977909149637033,0.125441409025865,0,0.0379558429704005,0.0255874033124375,2.48338002519978,2.93653654263579,361.246612548828,383.889099121094,421.935821533203,0.465018380461717,0.474726376131825,0.484434371801933,0.600000023841858,0.600000023841858,0.4805,0.4805,0.0109840680809256,0.0329339466269421,0.0256423913175099,0.00800490150370087,0,0,0,0,0,0,0.00230893075082687,0.00230893075082687,0.00226625758257118,0.00226625758257118,0.0022251331439074,0.0022251331439074,649.651358951679,649.651358951679,661.884161595691,661.884161595691,674.116964239701,674.116964239701
00:01:29,101320.4765625,0.75,1.5,372.570266723632,0.977951723816915,0.125441409025865,0,0.0379132197097778,0.025587275481896,2.48172163685824,2.93811443583433,361.253265380859,383.887268066406,421.923187255859,0.465018380461717,0.474726376131825,0.484434371801933,0.600000023841858,0.600000023841858,0.4805,0.4805,0.0109771459750834,0.0329132219300403,0.025658936087886,0.00801478127590985,0,0,0,0,0,0,0.00230893075082687,0.00230893075082687,0.00226625758257118,0.00226625758257118,0.0022251331439074,0.0022251331439074,649.651358951679,649.651358951679,661.884161595691,661.884161595691,674.116964239701,674.116964239701
00:01:30,101325.3125,0.75,1.5,372.572677612305,0.977939649838064,0.125441409025865,0,0.037866852185365,0.0255871536882927,2.47991654900994,2.94088342017122,361.259948730469,383.885406494141,421.910552978516,0.465018380461717,0.474726376131825,0.484434371801933,0.600000023841858,0.600000023841858,0.4805,0.4805,0.0109707018938732,0.0328887197910009,0.0256833121124761,0.00802012921141068,0,0,0,0,0,0,0.00230893075082687,0.00230893075082687,0.00226625758257118,0.00226625758257118,0.0022251331439074,0.0022251331439074,649.651358951679,649.651358951679,661.884161595691,661.884161595691,674.116964239701,674.116964239701
00:01:31,101323.8203125,0.75,1.5,372.575088500977,0.977927737243799,0.125441409025865,0,0.0379041242168637,0.0255870318780096,2.4813802709739,2.93889981835731,361.2666015625,383.883575439453,421.897918701172,0.465018380461717,0.474726376131825,0.484434371801933,0.600000023841858,0.600000023841858,0.4805,0.4805,0.0109746649651527,0.0329075741858717,0.0256666280020263,0.00801277893293175,0,0,0,0,0,0,0.00230893075082687,0.00230893075082687,0.00226625758257118,0.00226625758257118,0.0022251331439074,0.0022251331439074,649.651358951679,649.651358951679,661.884161595691,661.884161595691,674.116964239701,674.116964239701
00:01:32,101328.640625,0.75,1.5,372.577484130859,0.977870031011618,0.125441409025865,0,0.0379214846173042,0.0255869159056952,2.48206547272325,2.93740728726814,361.273254394531,383.881713867188,421.885284423828,0.465018380461717,0.474726376131825,0.484434371801933,0.600000023841858,0.600000023841858,0.4805,0.4805,0.0109796734426539,0.0329145696421295,0.0256537666843845,0.00801241405665574,0,0,0,0,0,0,0.00230893075082687,0.00230893075082687,0.00226625758257118,0.00226625758257118,0.0022251331439074,0.0022251331439074,649.651358951679,649.651358951679,661.884161595691,661.884161595691,674.116964239701,674.116964239701
00:01:33,101330.2890625,0.75,1.5,372.579910278321,0.977887523538587,0.125441409025865,0,0.0376196194056671,0.0255867900708396,2.47027506387137,2.91402378244032,361.279937744141,383.8798828125,421.872680664062,0.465018380461717,0.474726376131825,0.484434371801933,0.600000023841858,0.600000023841858,0.4805,0.4805,0.010927141749779,0.0327586423944159,0.0254509523001344,0.00795033110765376,0,0,0,0,0,0,0.00230893075082687,0.00230893075082687,0.00226625758257118,0.00226625758257118,0.0022251331439074,0.0022251331439074,649.651358951679,649.651358951679,661.884161595691,661.884161595691,674.116964239701,674.116964239701
00:01:34,101325.6015625,0.75,1.5,372.582305908203,0.977837667346978,0.125441409025865,0,0.0376246476620319,0.0255866732336882,2.47047829619734,2.91432697517787,361.286590576172,383.878021240234,421.860046386719,0.465018380461717,0.474726376131825,0.484434371801933,0.600000023841858,0.600000023841858,0.4805,0.4805,0.0109237685382655,0.0327595176045339,0.0254528004580474,0.00795119444636042,0,0,0,0,0,0,0.00230893075082687,0.00230893075082687,0.00226625758257118,0.00226625758257118,0.0022251331439074,0.0022251331439074,649.651358951679,649.651358951679,661.884161595691,661.884161595691,674.116964239701,674.116964239701
00:01:35,101322.7109375,0.75,1.5,372.584732055664,0.977866971609021,0.125441409025865,0,0.0376329278469234,0.0255865460967476,2.47080921765002,2.91306128091799,361.293273925781,383.876190185547,421.847412109375,0.465018380461717,0.474726376131825,0.484434371801933,0.600000023841858,0.600000023841858,0.4805,0.4805,0.0109311676531981,0.0327647248319669,0.025443697838099,0.00794790955654827,0,0,0,0,0,0,0.00230893075082687,0.00230893075082687,0.00226625758257118,0.00226625758257118,0.0022251331439074,0.0022251331439074,649.651358951679,649.651358951679,661.884161595691,661.884161595691,674.116964239701,674.116964239701
00:01:36,101323.8515625,0.75,1.5,372.587142944335,0.9779422654988,0.125441409025865,0,0.03759934602271,0.025586414661406,2.46950428656283,2.91483359756967,361.299926757812,383.874359130859,421.834777832031,0.465018380461717,0.474726376131825,0.484434371801933,0.600000023841858,0.600000023841858,0.4805,0.4805,0.0109204716844303,0.0327497737538654,0.0254627788227456,0.00795468911399521,0,0,0,0,0,0,0.00230893075082687,0.00230893075082687,0.00226625758257118,0.00226625758257118,0.0022251331439074,0.0022251331439074,649.651358951679,649.651358951679,661.884161595691,661.884161595691,674.116964239701,674.116964239701
00:01:37,101327.1875,0.75,1.5,372.589553833008,0.97801053925922,0.125441409025865,0,0.0375564203996,0.025586284002745,2.46783410969607,2.91665640283794,361.306610107422,383.872497558594,421.822143554688,0.465018380461717,0.474726376131825,0.484434371801933,0.600000023841858,0.600000023841858,0.4805,0.4805,0.010913804290723,0.0327297421028962,0.0254823331818299,0.00796204729481147,0,0,0,0,0,0,0.00230893075082687,0.00230893075082687,0.00226625758257118,0.00226625758257118,0.0022251331439074,0.0022251331439074,649.651358951679,649.651358951679,661.884161595691,661.884161595691,674.116964239701,674.116964239701
00:01:38,101329.7734375,0.75,1.5,372.59196472168,0.978019837263398,0.125441409025865,0,0.0374386502874355,0.025586159858351,2.46323834818127,2.92351993535859,361.313262939453,383.870666503906,421.809509277344,0.465018380461717,0.474726376131825,0.484434371801933,0.600000023841858,0.600000023841858,0.4805,0.4805,0.0108978436522475,0.0326689427180395,0.0255425914876486,0.00797876784492997,0,0,0,0,0,0,0.00230893075082687,0.00230893075082687,0.00226625758257118,0.00226625758257118,0.0022251331439074,0.0022251331439074,649.651358951679,649.651358951679,661.884161595691,661.884161595691,674.116964239701,674.116964239701
00:01:39,101327.9453125,0.75,1.5,372.594375610352,0.977951795003908,0.125441409025865,0,0.0374914414143019,0.0255860442559809,2.46530823753805,2.92155047541655,361.319946289062,383.868804931641,421.796875,0.465018380461717,0.474726376131825,0.484434371801933,0.600000023841858,0.600000023841858,0.4805,0.4805,0.0109039701425968,0.0326939723778607,0.0255227473521234,0.00796766932550886,0,0,0,0,0,0,0.00230893075082687,0.00230893075082687,0.00226625758257118,0.00226625758257118,0.0022251331439074,0.0022251331439074,649.651358951679,649.651358951679,661.884161595691,661.884161595691,674.116964239701,674.116964239701
00:01:40,101328.625,0.75,1.5,372.605834960938,0.978000369879709,0.125441409025865,0,0.0374560175476379,0.0255854537153025,2.46395752697697,2.922755050176,361.344696044922,383.866973876953,421.784240722656,0.465018380461717,0.474726376131825,0.484434371801933,0.600000023841858,0.600000023841858,0.4805,0.4805,0.0108972321326874,0.0326769285728459,0.025536319278428,0.00797809270935291,0,0,0,0,0,0,0.00230893075082687,0.00230893075082687,0.00226625758257118,0.00226625758257118,0.0022251331439074,0.0022251331439074,649.651358951679,649.651358951679,661.884161595691,661.884161595691,674.116964239701,674.116964239701
00:01:41,101322.75,0.75,1.5,372.609710693359,0.977970367124543,0.125441409025865,0,0.0374419129390417,0.0255852591184279,2.46341738286614,2.92274929188327,361.354309082031,383.865112304688,421.771606445312,0.465018380461717,0.474726376131825,0.484434371801933,0.600000023841858,0.600000023841858,0.4805,0.4805,0.0108975879476443,0.0326685144958086,0.0255374615319739,0.00798522755049209,0,0,0,0,0,0,0.00230893075082687,0.00230893075082687,0.00226625758257118,0.00226625758257118,0.0022251331439074,0.0022251331439074,649.651358951679,649.651358951679,661.884161595691,661.884161595691,674.116964239701,674.116964239701
00:01:42,101327.640625,0.75,1.5,372.613586425781,0.977961337967269,0.125441409025865,0,0.0374555813502137,0.02558506220856,2.46396287978077,2.92255291601324,361.363891601562,383.86328125,421.759002685547,0.465018380461717,0.474726376131825,0.484434371801933,0.600000023841858,0.600000023841858,0.4805,0.4805,0.0108972571148992,0.0326751954241597,0.0255361289828729,0.00798042349921142,0,0,0,0,0,0,0.00230893075082687,0.00230893075082687,0.00226625758257118,0.00226625758257118,0.0022251331439074,0.0022251331439074,649.651358951679,649.651358951679,661.884161595691,661.884161595691,674.116964239701,674.116964239701
00:01:43,101325.6171875,0.75,1.5,372.617462158203,0.977915210055274,0.125441409025865,0,0.0374629021758282,0.0255848693980486,2.46426005124285,2.92216008172572,361.373504638672,383.861419677734,421.746368408203,0.465018380461717,0.474726376131825,0.484434371801933,0.600000023841858,0.600000023841858,0.4805,0.4805,0.0108978834284249,0.0326773486345579,0.0255327733736613,0.00798121307972345,0,0,0,0,0,0,0.00230893075082687,0.00230893075082687,0.00226625758257118,0.00226625758257118,0.0022251331439074,0.0022251331439074,649.651358951679,649.651358951679,661.884161595691,661.884161595691,674.116964239701,674.116964239701
00:01:44,101327.5,0.75,1.5,372.621337890625,0.977913580127203,0.125441409025865,0,0.0374591394789534,0.0255846716771182,2.46412429878689,2.92187446364288,361.383087158203,383.859588623047,421.720153808594,0.465018380461717,0.474726376131825,0.484434371801933,0.600000023841858,0.600000023841858,0.4805,0.4805,0.0109013626040755,0.0326752415084236,0.0255313503138594,0.00798148292261385,0,0,0,0,0,0,0.00230893075082687,0.00230893075082687,0.00226625758257118,0.00226625758257118,0.0022251331439074,0.0022251331439074,649.651358951679,649.651358951679,661.884161595691,661.884161595691,674.116964239701,674.116964239701
00:01:45,101319.109375,0.75,1.5,372.625213623047,0.977771643927848,0.125441409025865,0,0.0374574451029369,0.0255844894508363,2.46406850036683,2.92315998278237,361.392700195312,383.857727050781,421.713165283203,0.465018380461717,0.474726376131825,0.484434371801933,0.600000023841858,0.600000023841858,0.4805,0.4805,0.0108963574365646,0.0326695264720684,0.025539861106752,0.00798390582881147,0,0,0,0,0,0,0.00230893075082687,0.00230893075082687,0.00226625758257118,0.00226625758257118,0.0022251331439074,0.0022251331439074,649.651358951679,649.651358951679,661.884161595691,661.884161595691,674.116964239701,674.116964239701
00:01:46,101319.46875,0.75,1.5,372.629104614258,0.977809146090122,0.125441409025865,0,0.0375344805243895,0.0255842866359522,2.46709115084899,2.91845223297471,361.402313232422,383.855895996094,421.706329345703,0.465018380461717,0.474726376131825,0.484434371801933,0.600000023841858,0.600000023841858,0.4805,0.4805,0.0109095300253317,0.0327105971442369,0.0255013737813021,0.00796836872593074,0,0,0,0,0,0,0.00230893075082687,0.00230893075082687,0.00226625758257118,0.00226625758257118,0.0022251331439074,0.0022251331439074,649.651358951679,649.651358951679,661.884161595691,661.884161595691,674.116964239701,674.116964239701
00:01:47,101329.484375,0.75,1.5,372.63298034668,0.977987695515116,0.125441409025865,0,0.0374493141089307,0.0255840690306986,2.46377474450975,2.92226233493228,361.411895751953,383.854064941406,421.699493408203,0.465018380461717,0.474726376131825,0.484434371801933,0.600000023841858,0.600000023841858,0.4805,0.4805,0.0108926800242834,0.0326723127521411,0.0255393824311101,0.00798570796449104,0,0,0,0,0,0,0.00230893075082687,0.00230893075082687,0.00226625758257118,0.00226625758257118,0.0022251331439074,0.0022251331439074,649.651358951679,649.651358951679,661.884161595691,661.884161595691,674.116964239701,674.116964239701
00:01:48,101329.4140625,0.75,1.5,372.636856079102,0.977849581982194,0.125441409025865,0,0.0374855447571893,0.0255838863906678,2.4652013452836,2.92152419800012,361.421508789062,383.852203369141,421.692626953125,0.465018380461717,0.474726376131825,0.484434371801933,0.600000023841858,0.600000023841858,0.4805,0.4805,0.0108988117501543,0.032686380948407,0.0255300570117869,0.0079750469569016,0,0,0,0,0,0,0.00230893075082687,0.00230893075082687,0.00226625758257118,0.00226625758257118,0.0022251331439074,0.0022251331439074,649.651358951679,649.651358951679,661.884161595691,661.884161595691,674.116964239701,674.116964239701
00:01:49,101321.0390625,0.75,1.5,372.640747070312,0.97778573518762,0.125441409025865,0,0.0374923781746498,0.0255836947746888,2.46547941979603,2.92119032172196,361.431121826172,383.850372314453,421.685791015625,0.465018380461717,0.474726376131825,0.484434371801933,0.600000023841858,0.600000023841858,0.4805,0.4805,0.0109012947078583,0.032687688711604,0.0255264755931326,0.0079750564872599,0,0,0,0,0,0,0.00230893075082687,0.00230893075082687,0.00226625758257118,0.00226625758257118,0.0022251331439074,0.0022251331439074,649.651358951679,649.651358951679,661.884161595691,661.884161595691,674.116964239701,674.116964239701
00:01:50,101318.1171875,0.75,1.5,372.644607543946,0.977746921154774,0.125441409025865,0,0.0374885162622364,0.0255835019559635,2.46533951164172,2.92176490519545,361.440704345703,383.848510742188,421.678924560547,0.465018380461717,0.474726376131825,0.484434371801933,0.600000023841858,0.600000023841858,0.4805,0.4805,0.0108986278523989,0.0326842899606473,0.0255316668548832,0.00797614432714963,0,0,0,0,0,0,0.00230893075082687,0.00230893075082687,0.00226625758257118,0.00226625758257118,0.0022251331439074,0.0022251331439074,649.651358951679,649.651358951679,661.884161595691,661.884161595691,674.116964239701,674.116964239701
00:01:51,101320.4375,0.75,1.5,372.648498535156,0.97772360318064,0.125441409025865,0,0.0375615287233906,0.0255833058712394,2.46820465316083,2.91712887499438,361.450317382812,383.8466796875,421.672088623047,0.465018380461717,0.474726376131825,0.484434371801933,0.600000023841858,0.600000023841858,0.4805,0.4805,0.0109150794379192,0.0327212434571168,0.025491741381751,0.00796287821351641,0,0,0,0,0,0,0.00230893075082687,0.00230893075082687,0.00226625758257118,0.00226625758257118,0.0022251331439074,0.0022251331439074,649.651358951679,649.651358951679,661.884161595691,661.884161595691,674.116964239701,674.116964239701
00:01:52,101325.7109375,0.75,1.5,372.652374267578,0.977805890827671,0.125441409025865,0,0.0375664059710608,0.025583098910068,2.46840717393611,2.91541019558014,361.459930419922,383.844818115234,421.665252685547,0.465018380461717,0.474726376131825,0.484434371801933,0.600000023841858,0.600000023841858,0.4805,0.4805,0.0109173338790245,0.0327264176740778,0.0254793840693194,0.00796802570048652,0,0,0,0,0,0,0.00230893075082687,0.00230893075082687,0.00226625758257118,0.00226625758257118,0.0022251331439074,0.0022251331439074,649.651358951679,649.651358951679,661.884161595691,661.884161595691,674.116964239701,674.116964239701
00:01:53,101326.140625,0.75,1.5,372.65625,0.97779941788985,0.125441409025865,0,0.0375243879120181,0.0255829017509463,2.46677606306447,2.91837017119719,361.469512939453,383.842987060547,421.658386230469,0.465018380461717,0.474726376131825,0.484434371801933,0.600000023841858,0.600000023841858,0.4805,0.4805,0.0109115301406591,0.0327043236814379,0.0255051299243147,0.00797039107172065,0,0,0,0,0,0,0.00230893075082687,0.00230893075082687,0.00226625758257118,0.00226625758257118,0.0022251331439074,0.0022251331439074,649.651358951679,649.651358951679,661.884161595691,661.884161595691,674.116964239701,674.116964239701
00:01:54,101323.25,0.75,1.5,372.660125732422,0.977726719520414,0.125441409025865,0,0.0376444330119931,0.025582711905551,2.47147937837759,2.91228876952393,361.479125976562,383.841125488281,421.651550292969,0.465018380461717,0.474726376131825,0.484434371801933,0.600000023841858,0.600000023841858,0.4805,0.4805,0.0109247512687531,0.0327640005619823,0.025451972889151,0.00795086359347032,0,0,0,0,0,0,0.00230893075082687,0.00230893075082687,0.00226625758257118,0.00226625758257118,0.0022251331439074,0.0022251331439074,649.651358951679,649.651358951679,661.884161595691,661.884161595691,674.116964239701,674.116964239701
00:01:55,101329.1953125,0.75,1.5,372.664016723633,0.977737429571505,0.125441409025865,0,0.0376570387014847,0.0255825120764943,2.47198361868789,2.91214435580987,361.488739013672,383.839294433594,421.644683837891,0.465018380461717,0.474726376131825,0.484434371801933,0.600000023841858,0.600000023841858,0.4805,0.4805,0.010927005276743,0.0327707881872065,0.0254505863304129,0.00794342735159912,0,0,0,0,0,0,0.00230893075082687,0.00230893075082687,0.00226625758257118,0.00226625758257118,0.0022251331439074,0.0022251331439074,649.651358951679,649.651358951679,661.884161595691,661.884161595691,674.116964239701,674.116964239701
00:01:56,101326.34375,0.75,1.5,372.667877197266,0.977682357360403,0.125441409025865,0,0.0376814946877418,0.0255823210700152,2.47295058116943,2.91067619850307,361.498321533203,383.837432861328,421.637847900391,0.465018380461717,0.474726376131825,0.484434371801933,0.600000023841858,0.600000023841858,0.4805,0.4805,0.0109331388850429,0.0327815157585988,0.0254368310895649,0.00794053490797909,0,0,0,0,0,0,0.00230893075082687,0.00230893075082687,0.00226625758257118,0.00226625758257118,0.0022251331439074,0.0022251331439074,649.651358951679,649.651358951679,661.884161595691,661.884161595691,674.116964239701,674.116964239701
00:01:57,101329.59375,0.75,1.5,372.671768188477,0.977702962337111,0.125441409025865,0,0.037507450934058,0.0255821201547817,2.46615881354334,2.92063460095537,361.507934570312,383.835601806641,421.631011962891,0.465018380461717,0.474726376131825,0.484434371801933,0.600000023841858,0.600000023841858,0.4805,0.4805,0.0109039215721682,0.0326919160894522,0.0255239857679459,0.00797241070684368,0,0,0,0,0,0,0.00230893075082687,0.00230893075082687,0.00226625758257118,0.00226625758257118,0.0022251331439074,0.0022251331439074,649.651358951679,649.651358951679,661.884161595691,661.884161595691,674.116964239701,674.116964239701
00:01:58,101327.046875,0.75,1.5,372.675659179688,0.977610491493146,0.125441409025865,0,0.0375180267418442,0.0255819317242299,2.46658302220035,2.92149127015897,361.517547607422,383.833770751953,421.624145507812,0.465018380461717,0.474726376131825,0.484434371801933,0.600000023841858,0.600000023841858,0.4805,0.4805,0.0108979733458489,0.0326942061468844,0.0255300438817705,0.00797022959451118,0,0,0,0,0,0,0.00230893075082687,0.00230893075082687,0.00226625758257118,0.00226625758257118,0.0022251331439074,0.0022251331439074,649.651358951679,649.651358951679,661.884161595691,661.884161595691,674.116964239701,674.116964239701
00:01:59,101323.046875,0.75,1.5,372.679519653321,0.977520010936205,0.125441409025865,0,0.0375300887206481,0.0255817446345422,2.46706525519657,2.92037892829195,361.527130126953,383.831909179688,421.617309570312,0.465018380461717,0.474726376131825,0.484434371801933,0.600000023841858,0.600000023841858,0.4805,0.4805,0.010906680655935,0.0326973324167319,0.0255209554003988,0.00796769799117352,0,0,0,0,0,0,0.00230893075082687,0.00230893075082687,0.00226625758257118,0.00226625758257118,0.0022251331439074,0.0022251331439074,649.651358951679,649.651358951679,661.884161595691,661.884161595691,674.116964239701,674.116964239701
00:02:00,101330.0703125,0.75,1.5,372.683410644531,0.977659145579725,0.125441409025865,0,0.0375404584078835,0.0255815306452958,2.4674828855398,2.91889944584576,361.536743164062,383.830078125,421.610443115234,0.465018380461717,0.474726376131825,0.484434371801933,0.600000023841858,0.600000023841858,0.4805,0.4805,0.0109100915077037,0.0327072486390628,0.0255106190113272,0.00796492080136979,0,0,0,0,0,0,0.00230893075082687,0.00230893075082687,0.00226625758257118,0.00226625758257118,0.0022251331439074,0.0022251331439074,649.651358951679,649.651358951679,661.884161595691,661.884161595691,674.116964239701,674.116964239701
