Time,ACset1,ACset2,AO1,AO2,Pmean1,T1,T3,T5,T6,T7,T8,Tco2bypass,Tco2hex1,Tco2hex2,Tco2split,p1,p10,p11,p12,p13,p14,p15,p16,p17,p18,p19,p2,p20,p21,p3,p4,p5,p6,p7,p8,p9,speed1,w1
00:00:00,0.005,0.005,0.600000023841858,0.600000023841858,1107.25128379357,422.550048828125,432.197326660156,483.660278320312,456.905487060547,426.454254150391,326.919494628906,415.597052001953,575.733685980903,420.442039659288,426.506802300347,656.519958496094,1477.3212890625,1523.07934570312,1617.51354980469,1631.7998046875,2328.43188476562,2401.88500976562,2449.5693359375,2362.70727539062,-24.7386322021484,32.3872375488281,1064.0439453125,119838.0859375,101324.78125,720.393981933594,-12.9472579956055,-12.1766691207886,-21.728832244873,38.6054000854492,155.580932617188,181.382690429688,10,2.84914088249207
00:00:01,0.005,0.005,0.600000023841858,0.600000023841858,1112.18985238563,422.553314208984,432.203704833984,483.654479980469,456.909729003906,426.455139160156,326.923828125,415.602562120226,575.713985188802,420.446786838108,426.512836371528,666.996215820312,1423.89697265625,1467.8125,1559.35131835938,1577.45617675781,2266.08056640625,2341.42211914062,2387.21459960938,2300.4287109375,-79.1472396850586,-21.9411888122559,1067.59753417969,119723.765625,101313.359375,679.674926757812,-33.9599723815918,-33.9477500915527,-43.1153869628906,16.7884979248047,122.161315917969,262.983337402344,10,2.84915351867676
00:00:02,0.005,0.005,0.600000023841858,0.600000023841858,1107.25608739274,422.556579589844,432.210113525391,483.648681640625,456.913970947266,426.456024169922,326.928192138672,415.608072238498,575.694250488281,420.451517062717,426.518888617622,686.32666015625,1477.21801757812,1522.05285644531,1616.46813964844,1633.61145019531,2322.15185546875,2391.81713867188,2441.36303710938,2352.69287109375,-26.6687488555908,32.4023971557617,1078.34509277344,119830.2578125,101327.0703125,676.053039550781,-9.56912612915039,-12.593297958374,-22.1347923278809,39.2781639099121,168.887741088867,308.411071777344,10,2.84916639328003
00:00:03,0.005,0.005,0.600000023841858,0.600000023841858,1113.30135836952,422.559875488281,432.216491699219,483.642913818359,456.918212890625,426.456878662109,326.932525634766,415.613582356771,575.66213921441,420.456264241536,426.524922688802,686.456665039062,1484.82434082031,1529.64770507812,1624.06298828125,1638.3759765625,2323.17846679688,2395.65112304688,2443.35083007812,2356.5498046875,-19.1198883056641,33.3637428283691,1072.73156738281,119845.5625,101328.8125,652.890747070312,-9.91529083251953,-10.6936120986938,-20.2305011749268,46.1155052185059,177.653869628906,295.231353759766,10,2.8491792678833
00:00:04,0.005,0.005,0.600000023841858,0.600000023841858,1107.61987215926,422.563140869141,432.222900390625,483.590393066406,456.922454833984,426.457763671875,326.936859130859,415.64014960395,575.64521891276,420.460994466146,426.553166503906,680.6865234375,1469.73400878906,1512.66540527344,1608.97265625,1621.38598632812,2306.1728515625,2377.70703125,2425.39135742188,2337.65209960938,-28.5570850372314,26.7339057922363,1072.13171386719,119800.1640625,101325.375,665.668151855469,-3.11610150337219,-13.3363361358643,-22.8762855529785,40.0977973937988,184.994201660156,286.198516845703,10,2.84919214248657
00:00:05,0.005,0.005,0.600000023841858,0.600000023841858,1111.80286974994,422.56640625,432.229278564453,483.597900390625,456.926727294922,426.458648681641,326.941223144531,415.645930989583,575.628332519531,420.465741644965,426.558746202257,687.705139160156,1465.80444335938,1509.68176269531,1603.14721679688,1620.30200195312,2312.66479492188,2386.09130859375,2430.91821289062,2345.08618164062,-24.8074359893799,27.6492938995361,1066.8017578125,119777.0078125,101324.234375,708.902099609375,-11.0535707473755,-12.5933027267456,-22.5116672515869,41.5731506347656,177.38151550293,294.579010009766,10,2.84920501708984
00:00:06,0.005,0.005,0.600000023841858,0.600000023841858,1112.19688204295,422.569671630859,432.235687255859,483.605834960938,456.930969238281,426.459503173828,326.945556640625,415.651695421007,575.611412217882,420.470471869575,426.564144151476,694.655822753906,1467.73291015625,1513.51000976562,1606.01977539062,1622.232421875,2321.28637695312,2395.66650390625,2441.44360351562,2353.7060546875,-27.6493091583252,27.6588935852051,1068.70263671875,119799.8359375,101322.7109375,655.487854003906,-12.9671020507812,-12.5871591567993,-22.5055236816406,41.5792999267578,162.161605834961,302.899993896484,10,2.84921765327454
00:00:07,0.005,0.005,0.600000023841858,0.600000023841858,1105.30863799206,422.572937011719,432.242065429688,483.61376953125,456.935211181641,426.460388183594,326.949920654297,415.657476806641,575.594491916233,420.475202094184,426.569542100694,675.523864746094,1483.71069335938,1529.45922851562,1623.84582519531,1638.15112304688,2342.98461914062,2415.49340820312,2462.16674804688,2374.51342773438,-21.1529865264893,33.2645568847656,1073.05920410156,119845.0078125,101322.7421875,709.41552734375,-11.0971574783325,-9.97564125061035,-19.8825511932373,43.4538459777832,162.336761474609,252.842666625977,10,2.84923052787781
00:00:08,0.005,0.005,0.600000023841858,0.600000023841858,1106.40959948997,422.576202392578,432.248443603516,483.621704101562,456.939453125,426.461242675781,326.962097167969,415.663258192274,575.577605523004,420.479949273004,426.574940049913,699.090881347656,1483.10119628906,1527.97058105469,1623.29345703125,1636.66809082031,2366.87158203125,2439.37524414062,2486.10595703125,2399.3203125,-20.0734596252441,30.564037322998,1065.2705078125,119853.265625,101319.6640625,701.338317871094,-7.71230030059814,-9.91836452484131,-19.8367290496826,43.4606170654297,151.583770751953,194.267913818359,10,2.84924340248108
00:00:09,0.005,0.005,0.600000023841858,0.600000023841858,1111.83532333458,422.579467773438,432.254852294922,483.629638671875,456.943695068359,426.462127685547,326.966461181641,415.669039577908,575.560685221354,420.484679497613,426.580337999132,689.865539550781,1493.13171386719,1539.84326171875,1633.32397460938,1647.62927246094,2346.3046875,2420.63500976562,2466.45043945312,2374.03833007812,-19.2271308898926,36.0484886169434,1069.90478515625,119868.1015625,101322.8828125,700.720703125,-7.98798370361328,-9.59056282043457,-19.1351184844971,41.9393081665039,153.870758056641,194.840133666992,10,2.84925627708435
00:00:10,0.005,0.005,0.600000023841858,0.600000023841858,1106.19941273598,422.582733154297,432.26123046875,483.637573242188,456.947937011719,426.463012695312,326.970794677734,415.674804009332,575.528879123264,420.489426676432,426.585735948351,674.055053710938,1494.39221191406,1539.19653320312,1634.58447265625,1647.91711425781,2337.43408203125,2410.8681640625,2458.51440429688,2368.86767578125,-25.7686920166016,30.5371360778809,1070.849609375,119862.765625,101327.4609375,696.508850097656,-11.8257417678833,-12.5886926651001,-22.4917831420898,38.1475563049316,157.251922607422,274.379089355469,10,2.84926915168762
00:00:11,0.005,0.005,0.600000023841858,0.600000023841858,1109.8248413399,422.585998535156,432.267639160156,483.6455078125,456.952209472656,426.4638671875,326.975158691406,415.680585394965,575.507042100694,420.494156901042,426.591133897569,681.458984375,1494.35400390625,1541.05432128906,1636.4384765625,1648.86694335938,2344.99853515625,2414.66381835938,2463.25610351562,2375.53198242188,-20.1802635192871,37.0869102478027,1071.00476074219,119890.984375,101326.5703125,672.374572753906,-9.59189605712891,-9.96725940704346,-19.5041484832764,40.3508415222168,153.408172607422,308.41455078125,10,2.84928178787231
00:00:12,0.005,0.005,0.600000023841858,0.600000023841858,1106.10416087924,422.589263916016,432.274017333984,483.653442382812,456.956451416016,426.464752197266,326.9794921875,415.686366780599,575.485476345486,420.498904079861,426.596531846788,652.536254882812,1495.37268066406,1540.19604492188,1634.61120605469,1647.962890625,2345.97143554688,2415.60205078125,2466.13623046875,2374.58203125,-18.1888904571533,35.2635536193848,1074.23168945312,119896.9765625,101326.359375,697.219543457031,-9.57817077636719,-9.94129848480225,-19.4827747344971,41.5624847412109,152.204147338867,280.830200195312,10,2.84929466247559
00:00:13,0.005,0.005,0.600000023841858,0.600000023841858,1109.52104298255,422.592529296875,432.280395507812,483.661376953125,456.960693359375,426.465637207031,326.983856201172,415.692131212023,575.463944498698,420.50363430447,426.601929796007,694.253845214844,1495.39184570312,1540.22290039062,1634.64575195312,1649.88940429688,2343.259765625,2413.82495117188,2462.462890625,2372.83154296875,-18.1124038696289,39.1012420654297,1073.2236328125,119893.3984375,101328.0390625,694.162048339844,-9.91529083251953,-9.1554126739502,-18.6892280578613,43.8727607727051,156.426483154297,322.688354492188,10,2.84930753707886
00:00:14,0.005,0.005,0.600000023841858,0.600000023841858,1109.50862392128,422.595794677734,432.286804199219,483.669311523438,456.964935302734,426.466491699219,326.988189697266,415.697912597656,575.44237874349,420.50838148329,426.607327745226,665.1123046875,1475.41845703125,1517.38842773438,1613.70715332031,1628.96618652344,2320.3828125,2392.85180664062,2437.6904296875,2349.955078125,-23.8075084686279,31.5064468383789,1067.00329589844,119826.7265625,101326.3359375,695.574951171875,-12.5748071670532,-11.430380821228,-20.9672698974609,44.2635078430176,172.037750244141,323.055816650391,10,2.84932041168213
00:00:15,0.005,0.005,0.600000023841858,0.600000023841858,1110.25177586139,422.599090576172,432.349761962891,483.67724609375,456.969177246094,426.467376708984,326.992553710938,415.70369398329,575.420812988281,420.513111707899,426.612725694444,665.238586425781,1467.73864746094,1511.61218261719,1606.98486328125,1620.33654785156,2312.70703125,2384.24145507812,2431.921875,2344.1787109375,-22.8693237304688,30.533411026001,1069.65979003906,119786.59375,101323.6640625,697.630493164062,-10.2906198501587,-11.4396562576294,-20.5981426239014,41.5946655273438,176.204818725586,276.254364013672,10,2.8493332862854
00:00:16,0.005,0.005,0.600000023841858,0.600000023841858,1109.35162824104,422.602355957031,432.372833251953,483.685180664062,456.973419189453,426.46826171875,326.996887207031,415.709475368924,575.386972384983,420.538475206163,426.618123643663,664.082458496094,1458.32958984375,1505.06030273438,1599.47546386719,1612.85498046875,2319.28784179688,2388.9072265625,2439.4248046875,2350.70361328125,-19.1016368865967,33.3233947753906,1068.73156738281,119771.4765625,101322.203125,682.261657714844,-10.6813154220581,-9.95179462432861,-19.4998264312744,41.6142616271973,173.975143432617,275.249664306641,10,2.84934592247009
00:00:17,0.005,0.005,0.600000023841858,0.600000023841858,1114.05095416217,422.605621337891,432.395690917969,483.693115234375,456.977691650391,426.469116210938,327.001251220703,415.715239800347,575.372561306424,420.540950520833,426.623521592882,686.121765136719,1466.53247070312,1513.23657226562,1607.625,1621.03015136719,2321.17163085938,2392.6982421875,2440.40942382812,2352.64331054688,-19.100549697876,33.325569152832,1063.05297851562,119756.15625,101326.578125,648.017456054688,-8.78464603424072,-9.55830669403076,-18.7137203216553,41.6129608154297,158.569351196289,201.088516235352,10,2.84935879707336
00:00:18,0.005,0.005,0.600000023841858,0.600000023841858,1107.24202807809,422.60888671875,432.418548583984,483.701049804688,456.98193359375,426.470001220703,327.005584716797,415.721021185981,575.358624945747,420.542764621311,426.628919542101,708.033447265625,1465.796875,1512.48181152344,1606.919921875,1619.36364746094,2318.50927734375,2389.08227539062,2437.697265625,2349.02734375,-18.0971832275391,36.2172737121582,1058.15832519531,119744.7265625,101324.6171875,665.307250976562,-3.18007254600525,-8.7739372253418,-18.6923027038574,40.8362083435059,158.611373901367,114.49430847168,10,2.84937167167664
00:00:19,0.005,0.005,0.600000023841858,0.600000023841858,1106.16918520948,422.612152099609,432.44140625,483.708984375,456.986175537109,426.470886230469,327.009948730469,415.726802571615,575.344654676649,420.544561767578,426.634335666233,705.391235351562,1475.24169921875,1521.03796386719,1615.47229003906,1630.71215820312,2321.25952148438,2392.74780273438,2440.45141601562,2351.77734375,-14.324501991272,41.9623107910156,1069.23522949219,119782.3125,101325.2265625,715.720031738281,-5.35599279403687,-8.01865386962891,-17.9370174407959,40.4517440795898,156.107849121094,218.712020874023,10,2.84938454627991
00:00:20,0.005,0.005,0.600000023841858,0.600000023841858,1106.50531999053,422.615417480469,432.464263916016,483.716918945312,456.990417480469,426.471740722656,327.014282226562,415.732567003038,575.330718315972,420.546375868056,426.639733615451,737.256042480469,1480.97143554688,1526.73315429688,1623.04040527344,1635.46899414062,2324.98608398438,2397.46630859375,2445.1201171875,2354.5810546875,-16.2894172668457,39.0552177429199,1073.75830078125,119833.671875,101322.5625,688.628173828125,-6.52803945541382,-8.7923469543457,-18.3353710174561,39.9997024536133,151.039764404297,266.732208251953,10,2.84939742088318
00:00:21,0.005,0.005,0.600000023841858,0.600000023841858,1112.17145811563,422.618682861328,432.487121582031,483.724822998047,456.994659423828,426.472625732422,327.018646240234,415.738348388672,575.316781955295,420.548189968533,426.64513156467,696.930419921875,1492.37023925781,1538.13208007812,1633.51623535156,1646.86779785156,2333.53930664062,2406.95776367188,2455.59594726562,2364.99560546875,-14.4122915267944,41.9011917114258,1077.45471191406,119851.0859375,101321.7890625,718.7724609375,-7.26637125015259,-8.04154586791992,-17.584545135498,42.2643280029297,154.738494873047,273.02392578125,10,2.84941005706787
00:00:22,0.005,0.005,0.600000023841858,0.600000023841858,1106.04417447007,422.621948242188,432.509979248047,483.732757568359,456.998931884766,426.473480224609,327.022979736328,415.744129774306,575.302811686198,420.5499871148,426.650529513889,672.964965820312,1490.60424804688,1535.43908691406,1629.85424804688,1645.10180664062,2334.58447265625,2408.98364257812,2456.66821289062,2367.03271484375,-20.038932800293,40.0319976806641,1076.98937988281,119862.734375,101326.1328125,674.229553222656,-9.13706493377686,-8.76017665863037,-18.3062381744385,43.4744529724121,162.54069519043,320.191772460938,10,2.84942293167114
00:00:23,0.005,0.005,0.600000023841858,0.600000023841858,1116.01363448705,422.625213623047,432.532836914062,483.740692138672,457.003173828125,426.474365234375,327.02734375,415.749911159939,575.288875325521,420.551801215278,426.655927463108,694.330261230469,1476.42529296875,1523.140625,1616.60986328125,1629.97668457031,2311.92529296875,2387.25927734375,2436.83569335938,2350.02709960938,-14.3512592315674,39.1088981628418,1069.02502441406,119832.53125,101327.65625,659.490234375,-9.13704204559326,-9.14316558837891,-19.0615310668945,47.650764465332,168.941619873047,343.522705078125,10,2.84943580627441
00:00:24,0.005,0.005,0.600000023841858,0.600000023841858,1118.31678454832,422.628479003906,432.555694580078,483.748626708984,457.007415771484,426.475250244141,327.031677246094,415.755675591363,575.274905056424,420.553598361545,426.661325412326,679.365051269531,1474.40295410156,1518.27661132812,1610.79211425781,1626.04345703125,2314.59497070312,2385.18725585938,2434.771484375,2347.0322265625,-21.9271278381348,32.4408531188965,1071.18408203125,119786.609375,101325.375,688.670227050781,-9.53843212127686,-9.15695571899414,-19.0737781524658,46.1647148132324,168.222991943359,308.335601806641,10,2.84944868087769
00:00:25,0.005,0.005,0.600000023841858,0.600000023841858,1121.02296829617,422.631744384766,432.578552246094,483.756561279297,457.011657714844,426.476104736328,327.036041259766,415.78188680013,575.244251844618,420.555412462023,426.666723361545,676.702697753906,1465.83520507812,1510.66052246094,1604.1181640625,1618.42541503906,2308.89038085938,2382.32055664062,2429.05346679688,2341.31567382812,-19.0737781524658,34.3327980041504,1070.32202148438,119765.5546875,101321.1953125,692.274597167969,-9.91451454162598,-9.91759490966797,-19.4506340026855,46.5407867431641,165.568099975586,255.238708496094,10,2.84946155548096
00:00:26,0.005,0.005,0.600000023841858,0.600000023841858,1117.55957329356,422.635009765625,432.609405517578,483.764495849609,457.015899658203,426.476989746094,327.040374755859,415.786922200521,575.228450520833,420.5572265625,426.672121310764,698.750366210938,1466.74560546875,1513.50427246094,1606.93786621094,1619.39147949219,2320.07421875,2391.57299804688,2440.18334960938,2350.6201171875,-20.0274658203125,33.3791122436523,1067.4521484375,119759.75,101318.953125,717.522094726562,-8.0444164276123,-9.51460266113281,-19.0514907836914,46.5623016357422,159.635070800781,257.863739013672,10,2.84947419166565
00:00:27,0.005,0.005,0.600000023841858,0.600000023841858,1120.26892038721,422.638305664062,432.591125488281,483.772430419922,457.020141601562,426.477874755859,327.044738769531,415.791957600911,575.212683105469,420.559023708767,426.677519259983,688.086303710938,1476.14978027344,1521.9267578125,1615.38830566406,1628.71325683594,2344.77270507812,2414.47241210938,2464.96435546875,2377.1982421875,-16.3197975158691,37.0867805480957,1066.62438964844,119806.796875,101320.7421875,702.271423339844,-7.64021968841553,-7.66163682937622,-17.187816619873,45.035530090332,160.708297729492,155.722412109375,10,2.84948706626892
00:00:28,0.005,0.005,0.600000023841858,0.600000023841858,1113.71329628871,422.641571044922,432.571990966797,483.780364990234,457.0244140625,426.478729248047,327.049072265625,415.796993001302,575.196881781684,420.560837809245,426.705054253472,687.537292480469,1484.61865234375,1528.53430175781,1623.88024902344,1640.06994628906,2353.36059570312,2424.02514648438,2472.61743164062,2384.8779296875,-12.6270055770874,42.6182327270508,1063.68896484375,119841.0859375,101324.9375,683.125122070312,-6.14941883087158,-6.90320825576782,-16.8124103546143,47.5470123291016,142.409484863281,127.024703979492,10,2.84949994087219
00:00:29,0.005,0.005,0.600000023841858,0.600000023841858,1118.33857648603,422.644836425781,432.552856445312,483.788299560547,457.028656005859,426.479614257812,327.053436279297,415.802028401693,575.181114366319,420.562651909722,426.710906575521,682.459777832031,1479.17138671875,1524.94848632812,1619.36364746094,1633.66906738281,2336.53784179688,2407.11059570312,2455.74877929688,2368.96313476562,-20.0274658203125,36.240177154541,1064.50756835938,119839.9140625,101329.9609375,725.413879394531,-9.91836452484131,-9.91836452484131,-19.4552536010742,46.9214935302734,132.753494262695,220.111389160156,10,2.84951281547546
00:00:30,0.005,0.005,0.600000023841858,0.600000023841858,1116.4745456856,422.648101806641,432.533721923828,483.796234130859,457.032897949219,426.480499267578,327.057769775391,415.807063802083,575.165313042535,420.56444905599,426.71619547526,715.402038574219,1487.63195800781,1533.39367675781,1626.87048339844,1640.23742675781,2328.01586914062,2403.28051757812,2450.05737304688,2361.3798828125,-19.119800567627,37.178524017334,1063.21997070312,119862.5,101330.8828125,686.200317382812,-9.13700294494629,-9.88768196105957,-19.8060474395752,45.783203125,134.544281005859,272.749908447266,10,2.84952569007874
00:00:31,0.005,0.005,0.600000023841858,0.600000023841858,1118.6916996056,422.6513671875,432.514587402344,483.804168701172,457.037139892578,426.481353759766,327.062133789062,415.812099202474,575.14954562717,420.566263156467,426.721484375,680.068420410156,1497.15393066406,1541.97729492188,1636.40795898438,1650.66735839844,2342.16796875,2416.54077148438,2464.17919921875,2375.53198242188,-13.4586029052734,41.9164733886719,1069.30407714844,119889.265625,101325.4375,667.693237304688,-7.98653888702393,-9.54911327362061,-19.0860023498535,50.6323471069336,164.293716430664,321.867584228516,10,2.84953856468201
00:00:32,0.005,0.005,0.600000023841858,0.600000023841858,1114.58719985504,422.654632568359,432.495452880859,483.812103271484,457.041381835938,426.482238769531,327.066467285156,415.817134602865,575.133778211806,420.568060302734,426.72677327474,702.972229003906,1494.47631835938,1539.31115722656,1632.77270507812,1646.13586425781,2339.55932617188,2411.08618164062,2457.82836914062,2371.01977539062,-19.9815979003906,37.2168006896973,1074.5283203125,119891.4140625,101327.671875,680.84912109375,-7.25262212753296,-9.91836452484131,-19.0783653259277,48.4611549377441,167.794204711914,297.734405517578,10,2.8495512008667
00:00:33,0.005,0.005,0.600000023841858,0.600000023841858,1115.31664396337,422.657897949219,432.476318359375,483.820037841797,457.045623779297,426.483123779297,327.070831298828,415.822170003255,575.102345106337,420.569874403212,426.732062174479,691.423156738281,1490.6845703125,1537.41528320312,1629.92309570312,1645.19750976562,2343.2060546875,2415.69384765625,2461.47094726562,2375.63891601562,-22.8502597808838,33.4173851013184,1067.77990722656,119887.6640625,101327.859375,705.51123046875,-10.2906541824341,-10.2937164306641,-20.2090187072754,43.5157699584961,160.195236206055,329.090942382812,10,2.84956407546997
00:00:34,0.005,0.005,0.600000023841858,0.600000023841858,1110.68984067363,422.661163330078,432.457183837891,483.827972412109,457.049896240234,426.483978271484,327.075164794922,415.827205403646,575.087391493056,420.571688503689,426.737351074219,677.050048828125,1489.66198730469,1534.4892578125,1627.00085449219,1643.20593261719,2344.16333007812,2417.58984375,2465.27026367188,2376.5849609375,-20.9811553955078,33.3752555847168,1073.36022949219,119891.3984375,101324.046875,665.944519042969,-7.25112104415894,-8.78319454193115,-18.6892166137695,46.5400161743164,170.851669311523,309.735015869141,10,2.84957695007324
00:00:35,0.005,0.005,0.600000023841858,0.600000023841858,1112.95995134548,422.664428710938,432.438049316406,483.835906982422,457.054138183594,426.48486328125,327.079528808594,415.832240804036,575.072607421875,420.573485649957,426.742639973958,665.448059082031,1488.70837402344,1533.53173828125,1626.9912109375,1640.34875488281,2341.31005859375,2415.69970703125,2462.43041992188,2371.83569335938,-24.7901363372803,29.5643558502197,1074.23205566406,119883.8046875,101325.3828125,697.702209472656,-11.821891784668,-11.4427261352539,-20.5996799468994,42.7268028259277,196.04377746582,286.541259765625,10,2.84958982467651
00:00:36,0.005,0.005,0.600000023841858,0.600000023841858,1111.41670724094,422.667694091797,432.418914794922,483.878814697266,457.058380126953,426.485717773438,327.083862304688,415.837276204427,575.057823350694,420.575299750434,426.747928873698,706.8583984375,1481.25073242188,1526.9990234375,1619.5068359375,1633.86950683594,2355.46826171875,2428.93115234375,2474.65063476562,2387.92236328125,-23.8135833740234,30.5466823577881,1069.50024414062,119874.4765625,101323.6796875,675.2626953125,-10.3456621170044,-9.60562133789062,-19.5125312805176,41.2566375732422,160.479766845703,263.745086669922,10,2.84960269927979
00:00:37,0.005,0.005,0.600000023841858,0.600000023841858,1106.82118592629,422.670959472656,432.399780273438,483.886840820312,457.062622070312,426.486602783203,327.088226318359,415.842311604818,575.043005371094,420.577113850911,426.753217773437,613.641845703125,1482.90600585938,1528.70983886719,1622.14453125,1637.40356445312,2351.71655273438,2424.19702148438,2470.90087890625,2384.14208984375,-22.9152507781982,31.4450149536133,1068.62622070312,119843.8359375,101325.3359375,710.585083007812,-11.0948524475098,-10.3425884246826,-19.8794765472412,42.6931991577148,149.527740478516,217.804412841797,10,2.84961533546448
00:00:38,0.005,0.005,0.600000023841858,0.600000023841858,1109.89256037213,422.674224853516,432.331420898438,483.893798828125,457.066864013672,426.487487792969,327.092559814453,415.847347005208,575.028221299913,420.578910997179,426.758506673177,659.199279785156,1484.98522949219,1529.78564453125,1624.22387695312,1638.52917480469,2348.2568359375,2420.69140625,2467.42211914062,2381.61303710938,-21.9348430633545,34.3327980041504,1070.14025878906,119845.6875,101327.15625,715.096008300781,-9.54605102539062,-9.95501232147217,-19.4919013977051,43.1250610351562,147.194580078125,146.599884033203,10,2.84962821006775
00:00:39,0.005,0.005,0.600000023841858,0.600000023841858,1107.59679145104,422.677520751953,432.326049804688,483.900726318359,457.071105957031,426.488342285156,327.096923828125,415.852382405599,575.013403320312,420.580725097656,426.76381374783,686.610778808594,1485.80908203125,1530.61340332031,1625.02856445312,1638.39929199219,2335.56494140625,2409.9716796875,2456.68359375,2369.89770507812,-21.9730281829834,35.2101173400879,1071.26330566406,119858.8359375,101323.1328125,676.842590332031,-8.82739639282227,-9.59034824371338,-19.5010757446289,43.8620491027832,143.091506958008,232.326248168945,10,2.84964108467102
00:00:40,0.005,0.005,0.600000023841858,0.600000023841858,1109.87404894117,422.680786132812,432.322021484375,483.907684326172,457.075378417969,426.489227294922,327.101257324219,415.85741780599,574.998619249132,420.582522243924,426.769102647569,707.443054199219,1487.7392578125,1532.57800292969,1626.9931640625,1641.29858398438,2335.63012695312,2407.14135742188,2454.84130859375,2368.978515625,-23.8115406036377,32.4561042785645,1066.51025390625,119868.5234375,101324.984375,691.098083496094,-8.42928028106689,-10.3243856430054,-20.6058158874512,42.719123840332,161.290512084961,248.72819519043,10,2.84965395927429
00:00:41,0.005,0.005,0.600000023841858,0.600000023841858,1107.59831454346,422.684051513672,432.318023681641,483.914642333984,457.079620361328,426.490112304688,327.105621337891,415.86245320638,574.983835177951,420.584336344401,426.774391547309,662.337768554688,1481.14794921875,1526.92492675781,1620.375,1635.6455078125,2332.82641601562,2406.22607421875,2452.04931640625,2363.32153320312,-24.7613697052002,30.5640964508057,1065.34973144531,119883.8125,101329.5390625,715.934326171875,-9.93218040466309,-11.8257417678833,-21.3626308441162,41.2177810668945,148.393981933594,265.980560302734,10,2.84966683387756
00:00:42,0.005,0.005,0.600000023841858,0.600000023841858,1106.46970306009,422.687316894531,432.314025878906,483.921569824219,457.083862304688,426.490966796875,327.109954833984,415.867488606771,574.95172390408,420.586150444879,426.779680447049,659.072814941406,1488.60522460938,1534.3935546875,1627.85510253906,1643.12561035156,2341.29467773438,2413.763671875,2462.40161132812,2374.66235351562,-24.8417778015137,33.32177734375,1075.06848144531,119898.90625,101327.4609375,684.334167480469,-12.2209777832031,-11.8486757278442,-21.3901519775391,44.5775985717773,142.31330871582,281.450225830078,10,2.84967947006226
00:00:43,0.005,0.005,0.600000023841858,0.600000023841858,1106.05038400071,422.690582275391,432.310028076172,483.928527832031,457.088104248047,426.491851806641,327.114318847656,415.872524007161,574.934803602431,420.587947591146,426.784969346788,676.310546875,1488.7236328125,1533.56237792969,1627.96215820312,1642.27514648438,2341.30615234375,2413.77905273438,2459.58642578125,2369.947265625,-22.8885326385498,32.425422668457,1066.61328125,119902.84375,101327.28125,695.764526367188,-11.4503898620605,-11.0719757080078,-20.2304515838623,44.2481002807617,143.828536987305,314.164398193359,10,2.84969234466553
00:00:44,0.005,0.005,0.600000023841858,0.600000023841858,1107.97451837126,422.69384765625,432.306030273438,483.935485839844,457.092346191406,426.492736816406,327.11865234375,415.877559407552,574.917917209201,420.589761691623,426.790258246528,656.002807617188,1489.63891601562,1534.46228027344,1628.87377929688,1644.14428710938,2350.83154296875,2424.25415039062,2470.03881835938,2382.30322265625,-21.957893371582,32.4062156677246,1066.71142578125,119904.734375,101327.859375,694.953491210938,-14.1130590438843,-11.4519500732422,-23.2684707641602,47.6752243041992,171.254852294922,319.259704589844,10,2.8497052192688
00:00:45,0.005,0.005,0.600000023841858,0.600000023841858,1102.60526610714,422.697113037109,432.302032470703,483.942413330078,457.096588134766,426.493591308594,327.123016357422,415.882594807943,574.900996907552,420.591575792101,426.795547146267,689.262329101562,1487.75268554688,1532.57800292969,1626.9931640625,1641.30053710938,2351.78881835938,2422.36376953125,2470.04638671875,2381.35327148438,-17.1798725128174,36.2267036437988,1068.69128417969,119887.59375,101324.234375,719.665405273438,-11.4427261352539,-11.8272819519043,-21.7448768615723,46.1531524658203,161.357986450195,274.303253173828,10,2.84971809387207
00:00:46,0.005,0.005,0.600000023841858,0.600000023841858,1109.74271151017,422.700378417969,432.298034667969,483.949371337891,457.100860595703,426.494476318359,327.127349853516,415.887630208333,574.884076605903,420.593372938368,426.800836046007,674.421203613281,1470.87463378906,1514.77294921875,1610.14184570312,1625.40087890625,2338.76000976562,2410.3154296875,2459.87841796875,2373.06420898438,-24.566801071167,28.8684139251709,1059.537109375,119827.421875,101323.6328125,720.345642089844,-11.7226428985596,-11.7340984344482,-21.2709865570068,40.9668045043945,161.467254638672,260.975067138672,10,2.84973096847534
00:00:47,0.005,0.005,0.600000023841858,0.600000023841858,1108.34767601421,422.703643798828,432.294036865234,483.956298828125,457.105102539062,426.495361328125,327.131713867188,415.892665608724,574.867190212674,420.595187038845,426.806124945746,693.873352050781,1471.51892089844,1515.36560058594,1611.71118164062,1625.08581542969,2338.44506835938,2411.87915039062,2459.58642578125,2371.89331054688,-18.1430854797363,34.3097991943359,1062.23937988281,119798.09375,101323.8828125,694.9150390625,-9.18300914764404,-10.2814426422119,-19.4644527435303,45.7402687072754,142.819046020508,128.548614501953,10,2.84974360466003
00:00:48,0.005,0.005,0.600000023841858,0.600000023841858,1107.89004532241,422.706909179688,432.2900390625,483.963256835938,457.109344482422,426.496215820312,327.136047363281,415.897701009115,574.850269911024,420.596984185113,426.811413845486,654.561218261719,1458.30480957031,1503.15112304688,1598.4970703125,1610.94079589844,2310.20092773438,2381.7275390625,2427.52758789062,2340.74194335938,-24.6126689910889,32.5170440673828,1069.24682617188,119765.8515625,101325.609375,722.889953613281,-7.60202503204346,-9.54605102539062,-19.4552536010742,40.1007423400879,139.766647338867,214.553359985352,10,2.84975647926331
00:00:49,0.005,0.005,0.600000023841858,0.600000023841858,1110.60653923434,422.710174560547,432.286041259766,483.97021484375,457.113586425781,426.497100830078,327.140411376953,415.923980034722,574.818463812934,420.59879828559,426.816720920139,700.844665527344,1461.98596191406,1507.78210449219,1601.24365234375,1616.46447753906,2296.61645507812,2368.16235351562,2413.95849609375,2328.08813476562,-20.0847434997559,37.1747741699219,1066.76599121094,119769.34375,101326.5078125,680.547912597656,-7.28622007369995,-9.17832374572754,-19.0966892242432,40.436408996582,138.910552978516,216.159545898438,10,2.84976935386658
00:00:50,0.005,0.005,0.600000023841858,0.600000023841858,1108.76535482021,422.713439941406,432.282043457031,483.977142333984,457.117828369141,426.497955322266,327.144744873047,415.929134114583,574.798457845052,420.600612386068,426.822009819878,698.225280761719,1464.86608886719,1511.56628417969,1605.04309082031,1621.24060058594,2305.95874023438,2376.546875,2424.21606445312,2336.49194335938,-19.0890579223633,37.2091445922852,1073.42016601562,119775,101325.3671875,692.342163085938,-9.13707733154297,-8.78004932403564,-18.3230495452881,43.8574638366699,150.621734619141,305.561920166016,10,2.84978222846985
00:00:51,0.005,0.005,0.600000023841858,0.600000023841858,1105.71120303482,422.716705322266,432.278045654297,483.984100341797,457.139739990234,426.498840332031,327.149108886719,415.934271240234,574.778757052951,420.602409532335,426.827298719618,717.349609375,1476.31042480469,1521.1337890625,1614.61828613281,1630.80798339844,2308.83471679688,2380.39599609375,2429.97631835938,2343.16748046875,-18.1546287536621,38.1245307922363,1066.42663574219,119803.53125,101327.84375,699.278686523438,-1.63182282447815,-9.91375923156738,-19.832124710083,42.7114448547363,169.981506347656,290.982971191406,10,2.84979510307312
00:00:52,0.005,0.005,0.600000023841858,0.600000023841858,1110.26103157686,422.720001220703,432.274047851562,483.991058349609,457.143127441406,426.499725341797,327.153442382812,415.939425320095,574.759022352431,420.604223632813,426.832587619358,697.584594726562,1480.10974121094,1525.89453125,1619.34826660156,1633.66137695312,2316.51025390625,2388.03686523438,2436.66748046875,2347.97436523438,-15.2743921279907,40.0472450256348,1072.21240234375,119834.1640625,101327.46875,694.275390625,-9.88762378692627,-9.91221618652344,-19.8305816650391,44.2450141906738,184.600357055664,331.250183105469,10,2.84980773925781
00:00:53,0.005,0.005,0.600000023841858,0.600000023841858,1110.25493920718,422.731658935547,432.270050048828,483.997985839844,457.146270751953,426.500579833984,327.157806396484,415.944579399957,574.73932156033,420.60603773329,426.860322536892,686.941589355469,1471.54187011719,1517.31127929688,1611.71118164062,1624.11694335938,2314.59521484375,2386.12963867188,2432.84497070312,2347.01293945312,-14.328296661377,40.0243148803711,1072.04235839844,119822.71875,101324.0546875,705.044677734375,-6.48508453369141,-10.2937164306641,-19.827543258667,48.8074378967285,175.078903198242,327.629333496094,10,2.84982061386108
00:00:54,0.005,0.005,0.600000023841858,0.600000023841858,1108.36618744516,422.735076904297,432.266052246094,484.004943847656,457.149444580078,426.50146484375,327.162139892578,415.949716525608,574.719586859809,420.607834879557,426.86502983941,695.829284667969,1472.49938964844,1518.27270507812,1610.78430175781,1626.03955078125,2311.73413085938,2384.21826171875,2433.80249023438,2345.109375,-15.2628631591797,37.1900253295898,1069.28295898438,119797.96875,101323.6640625,707.916809082031,-8.76010704040527,-9.1554126739502,-19.0722408294678,48.8257942199707,166.709426879883,292.310150146484,10,2.84983348846436
00:00:55,0.005,0.005,0.600000023841858,0.600000023841858,1104.26848303001,422.738464355469,432.262054443359,484.011871337891,457.152587890625,426.502349853516,327.16650390625,415.954870605469,574.699886067708,420.609648980035,426.869718967014,704.550354003906,1469.66235351562,1515.41162109375,1607.91943359375,1623.20629882812,2319.28784179688,2390.84228515625,2438.52685546875,2353.5927734375,-17.2221145629883,37.1381492614746,1067.78979492188,119784.546875,101324.4921875,688.348693847656,-3.20780992507935,-6.92227649688721,-16.4591636657715,48.0213432312012,158.379211425781,249.4404296875,10,2.84984636306763
00:00:56,0.005,0.005,0.600000023841858,0.600000023841858,1107.57781137627,422.741882324219,432.258056640625,484.018829345703,457.15576171875,426.503204345703,327.170837402344,415.96002468533,574.66848687066,420.611446126302,426.874426269531,701.595886230469,1463.689453125,1508.54077148438,1602.9560546875,1618.18713378906,2324.8427734375,2396.39721679688,2444.05395507812,2358.16625976562,-14.4724817276001,37.0267181396484,1070.84704589844,119772.875,101323.4296875,625.987121582031,-7.6295108795166,-9.55917549133301,-17.6147346496582,48.784294128418,140.887054443359,221.537719726562,10,2.8498592376709
00:00:57,0.005,0.005,0.600000023841858,0.600000023841858,1109.16780270202,422.745269775391,432.254058837891,484.025787353516,457.158905029297,426.504089355469,327.175201416016,415.965161810981,574.653702799479,420.61326022678,426.879133572049,672.921691894531,1466.80017089844,1512.57727050781,1603.25805664062,1619.44396972656,2324.22021484375,2395.693359375,2443.37768554688,2357.54565429688,-15.2857933044434,39.9746170043945,1065.150390625,119769.234375,101325.015625,697.012939453125,-5.77567625045776,-9.47263717651367,-19.3802928924561,47.3136749267578,142.258255004883,106.526817321777,10,2.84987187385559
00:00:58,0.005,0.005,0.600000023841858,0.600000023841858,1106.5111780383,422.748657226562,432.250030517578,484.03271484375,457.162078857422,426.504974365234,327.179534912109,415.970315890842,574.638918728299,420.615074327257,426.883822699653,691.670715332031,1466.59020996094,1510.48291015625,1602.99072265625,1617.31884765625,2304.13525390625,2374.70825195312,2423.36938476562,2335.65258789062,-21.0956802368164,37.1022453308105,1075.44067382812,119765.3515625,101325.9609375,708.344970703125,-11.7341213226318,-11.7799320220947,-21.6891345977783,44.1687049865723,152.916717529297,191.662307739258,10,2.84988474845886
00:00:59,0.005,0.005,0.600000023841858,0.600000023841858,1110.97512760003,422.752075195312,432.246032714844,484.039672851562,457.165222167969,426.505828857422,327.183898925781,415.975469970703,574.624100748698,420.616871473524,426.88853000217,700.704223632812,1467.669921875,1511.55859375,1606.94665527344,1620.3173828125,2293.62182617188,2365.12939453125,2411.86010742188,2324.12084960938,-18.1582736968994,39.9976539611816,1074.9599609375,119763.6171875,101322.5390625,692.611450195312,-9.94127559661865,-11.0627908706665,-20.2258415222168,49.9732971191406,146.532424926758,219.752822875977,10,2.84989762306213
00:01:00,0.005,0.005,0.600000023841858,0.600000023841858,1110.2270548998,422.755462646484,432.242034912109,484.046630859375,457.168395996094,426.506713867188,327.188232421875,415.980624050564,574.609316677517,420.618685574002,426.893219129774,664.278930664062,1455.40588378906,1501.13696289062,1593.66015625,1608.91918945312,2286.99194335938,2356.611328125,2406.18774414062,2319.38671875,-24.7652282714844,29.6257209777832,1076.35498046875,119742.734375,101324.96875,663.322998046875,-13.7024374008179,-13.3270988464355,-22.8639869689941,47.7089920043945,149.612060546875,269.327880859375,10,2.84991049766541
00:01:01,0.005,0.005,0.600000023841858,0.600000023841858,1110.57689751262,422.758880615234,432.238037109375,484.053558349609,457.171539306641,426.507598876953,327.192596435547,415.985761176215,574.594532606337,420.620499674479,426.897926432292,649.828857421875,1454.39855957031,1500.14111328125,1594.55627441406,1609.81530761719,2290.74926757812,2364.171875,2411.86767578125,2324.10546875,-23.8537349700928,31.4717330932617,1067.4111328125,119748.3359375,101324.6171875,667.606262207031,-11.4304504394531,-12.9517478942871,-22.4886360168457,48.0797348022461,155.95442199707,278.404235839844,10,2.84992337226868
00:01:02,0.005,0.005,0.600000023841858,0.600000023841858,1105.67406301196,422.762268066406,432.234039306641,484.060516357422,457.174713134766,426.508453369141,327.196929931641,415.990915256076,574.579714626736,420.622296820747,426.902633734809,699.555541992188,1463.82067871094,1508.65551757812,1603.07067871094,1617.36450195312,2307.85815429688,2380.33862304688,2428.95385742188,2340.28369140625,-26.6803550720215,29.5758228302002,1072.62878417969,119793.8671875,101327.1015625,700.074829101562,-12.2163906097412,-11.4580268859863,-20.6226139068604,48.8334541320801,153.357757568359,271.950775146484,10,2.84993624687195
00:01:03,0.005,0.005,0.600000023841858,0.600000023841858,1109.84628179474,422.765686035156,432.230041503906,484.067443847656,457.177856445312,426.509338378906,327.201293945312,415.996069335938,574.564930555556,420.624110921224,426.907322862413,689.443054199219,1482.90966796875,1528.68676757812,1622.15588378906,1636.46130371094,2321.3017578125,2394.72021484375,2442.3896484375,2353.71948242188,-25.7419452667236,28.6259746551514,1071.06970214844,119835.9921875,101327.09375,658.98193359375,-10.699686050415,-9.93979644775391,-19.4766864776611,51.1085357666016,146.547836303711,291.056671142578,10,2.84994888305664
00:01:04,0.005,0.005,0.600000023841858,0.600000023841858,1107.20043593892,422.769073486328,432.226043701172,484.074401855469,457.181030273438,426.510192871094,327.205627441406,416.001206461589,574.533904351129,420.625908067491,426.912030164931,667.154663085938,1487.76232910156,1532.58569335938,1625.10119628906,1641.30627441406,2338.43359375,2408.05297851562,2456.69506835938,2369.9091796875,-25.7495994567871,30.5180435180664,1068.126953125,119858.984375,101327.28125,700.414733886719,-10.6843891143799,-10.3059864044189,-20.2243518829346,53.0251007080078,165.505065917969,266.652923583984,10,2.84996175765991
00:01:05,0.005,0.005,0.600000023841858,0.600000023841858,1113.7293473396,422.772491455078,432.222045898438,484.081359863281,457.184173583984,426.511077880859,327.209991455078,416.00636054145,574.518069118924,420.627722167969,426.916719292535,674.345153808594,1464.86804199219,1509.693359375,1603.15490722656,1617.46203613281,2328.90234375,2399.47729492188,2448.10986328125,2361.32788085938,-24.7920608520508,26.7032890319824,1059.07543945312,119818.9453125,101324.8125,699.913330078125,-10.6851654052734,-12.5894622802734,-22.1263523101807,51.1146430969238,168.991363525391,289.09765625,10,2.84997463226318
00:01:06,0.005,0.005,0.600000023841858,0.600000023841858,1106.24944046393,422.77587890625,432.218048095703,484.088287353516,457.187347412109,426.511962890625,327.222229003906,416.011514621311,574.502267795139,420.629536268446,426.921426595052,671.531372070312,1454.54736328125,1498.38842773438,1593.81457519531,1607.13757324219,2330.84423828125,2401.41723632812,2448.20532226562,2359.48364257812,-20.0274658203125,30.5180435180664,1063.54321289062,119788.640625,101326.6640625,703.218811035156,-8.69374942779541,-10.6698598861694,-20.5767688751221,51.1406326293945,159.201309204102,147.941436767578,10,2.84998750686646
00:01:07,0.005,0.005,0.600000023841858,0.600000023841858,1104.89236511752,422.779266357422,432.214050292969,484.095245361328,457.190490722656,426.512817382812,327.226806640625,416.016668701172,574.486500379774,420.631333414714,426.926133897569,657.8310546875,1455.26025390625,1500.060546875,1592.59143066406,1608.78112792969,2311.94873046875,2382.56762695312,2431.15991210938,2343.42065429688,-25.6806087493896,31.4717330932617,1070.64331054688,119758.0859375,101322.3671875,707.557983398438,-10.3274364471436,-11.8349409103394,-21.3718299865723,44.6970329284668,167.366577148438,203.950881958008,10,2.85000038146973
00:01:08,0.005,0.005,0.600000023841858,0.600000023841858,1112.15915621531,422.782684326172,432.210052490234,484.102203369141,457.193664550781,426.513702392578,327.231414794922,416.021805826823,574.47073296441,420.633147515191,426.930823025174,668.79736328125,1459.05224609375,1502.94494628906,1597.33715820312,1610.73474121094,2298.27563476562,2368.8486328125,2414.64868164062,2327.88598632812,-21.9348430633545,34.3327980041504,1072.9990234375,119765.3515625,101325.734375,693.627197265625,-8.06595802307129,-7.70280694961548,-17.6303329467773,48.075080871582,154.653350830078,278.981048583984,10,2.85001301765442
00:01:09,0.005,0.005,0.600000023841858,0.600000023841858,1111.42045639151,422.786071777344,432.2060546875,484.109130859375,457.196807861328,426.514587402344,327.235992431641,416.026959906684,574.454931640625,420.634961615668,426.935530327691,694.411315917969,1480.01062011719,1525.7685546875,1617.36083984375,1633.55456542969,2324.94067382812,2396.48657226562,2443.17895507812,2357.36596679688,-16.1554336547852,40.0931167602539,1072.73791503906,119843.3828125,101326.53125,669.853271484375,-8.4306468963623,-7.67533254623413,-17.9675350189209,50.3471336364746,172.998977661133,305.202972412109,10,2.85002589225769
00:01:10,0.005,0.005,0.600000023841858,0.600000023841858,1111.32977381203,422.789489746094,432.202056884766,484.116088867188,457.199951171875,426.515441894531,327.240570068359,416.032113986545,574.43916422526,420.636758761936,426.940219455295,672.796630859375,1488.66247558594,1532.53210449219,1626.947265625,1641.25268554688,2335.4921875,2407.98803710938,2452.78076171875,2367.93310546875,-16.2432708740234,40.9322242736816,1073.13708496094,119881.5703125,101325.9375,704.381713867188,-9.16152477264404,-9.55522441864014,-19.092113494873,51.0871620178223,190.935897827148,302.919586181641,10,2.85003876686096
00:01:11,0.005,0.005,0.600000023841858,0.600000023841858,1105.73440090399,422.792877197266,432.198059082031,484.123016357422,457.203125,426.516326904297,327.245178222656,416.037251112196,574.423362901476,420.638572862413,426.944926757812,671.054504394531,1488.80053710938,1533.63537597656,1628.0390625,1642.33276367188,2342.35180664062,2414.83227539062,2460.58642578125,2371.91625976562,-18.0394973754883,37.2859725952148,1072.5634765625,119895.390625,101326.7109375,687.76171875,-6.48047924041748,-6.85734939575195,-16.7803192138672,51.531436920166,174.412612915039,289.848510742188,10,2.85005164146423
00:01:12,0.005,0.005,0.600000023841858,0.600000023841858,1111.76572972708,422.796295166016,432.194061279297,484.129974365234,457.206268310547,426.517211914062,327.249755859375,416.063343641493,574.391929796007,420.640370008681,426.949615885417,688.646301269531,1506.76684570312,1551.59020996094,1643.15979003906,1659.35705566406,2347.951171875,2421.36987304688,2467.15478515625,2381.30737304688,-14.3744993209839,44.754207611084,1068.58837890625,119921.7578125,101323.671875,687.807983398438,-4.99914503097534,-6.51582527160645,-16.4280414581299,53.7757568359375,193.709655761719,339.307281494141,10,2.8500645160675
00:01:13,0.005,0.005,0.600000023841858,0.600000023841858,1112.19606191626,422.799682617188,432.190063476562,484.174835205078,457.209442138672,426.51806640625,327.254333496094,416.068548583984,574.376976182726,420.642184109158,426.954323187934,692.184204101562,1495.43774414062,1540.26110839844,1634.66857910156,1649.93530273438,2351.79663085938,2424.29248046875,2471.02319335938,2384.2451171875,-18.0971260070801,37.2321395874023,1068.53137207031,119912.4765625,101324.6328125,726.552734375,-8.37715339660645,-8.38633823394775,-17.9262886047363,51.9051704406738,181.668090820312,300.533538818359,10,2.8500771522522
00:01:14,0.005,0.005,0.600000023841858,0.600000023841858,1106.84286070304,422.803100585938,432.186065673828,484.184631347656,457.212585449219,426.518951416016,327.258941650391,416.073583984375,574.362192111545,420.643998209635,426.959030490451,692.401916503906,1494.43041992188,1540.19982910156,1632.71154785156,1646.05932617188,2357.51879882812,2429.99926757812,2478.6298828125,2390.89038085938,-15.2667055130005,37.1900253295898,1074.14086914062,119897.1953125,101324.234375,683.415283203125,-6.87578010559082,-7.25571918487549,-16.7941436767578,50.7377853393555,167.467758178711,285.700592041016,10,2.85009002685547
00:01:15,0.005,0.005,0.600000023841858,0.600000023841858,1103.38298052909,422.806488037109,432.182067871094,484.194396972656,457.215759277344,426.519836425781,327.263519287109,416.078619384766,574.347408040365,420.645795355903,426.963719618056,685.509521484375,1481.08264160156,1525.90600585938,1618.41577148438,1633.67102050781,2346.08056640625,2416.6552734375,2465.28955078125,2376.5986328125,-19.0737781524658,35.2884101867676,1070.04504394531,119830.3984375,101324.6171875,688.784912109375,-7.62643766403198,-8.3924617767334,-18.3100566864014,46.1608467102051,151.458847045898,202.587341308594,10,2.85010290145874
00:01:16,0.005,0.005,0.600000023841858,0.600000023841858,1110.64883433924,422.809875488281,432.178070068359,484.204193115234,457.218902587891,426.520690917969,327.268096923828,416.083654785156,574.332623969184,420.64760945638,426.968426920573,663.363159179688,1470.61694335938,1515.41162109375,1608.00537109375,1624.13220214844,2322.60473632812,2393.177734375,2441.78735351562,2354.01904296875,-16.3272647857666,39.0439643859863,1068.25183105469,119788.703125,101323.4765625,710.124328613281,-6.84364891052246,-8.03389739990234,-17.9522609710693,46.4598274230957,145.941314697266,175.45361328125,10,2.85011577606201
00:01:17,0.005,0.005,0.600000023841858,0.600000023841858,1111.76584688803,422.813293457031,432.174041748047,484.213958740234,457.222076416016,426.521575927734,327.272705078125,416.088690185547,574.317805989583,420.649423556858,426.973116048177,694.071350097656,1461.958984375,1506.78234863281,1599.26721191406,1615.45690917969,2307.69702148438,2380.15454101562,2426.908203125,2339.12280273438,-18.1430854797363,37.1478729248047,1076.29174804688,119788,101326.703125,707.88671875,-6.94934940338135,-7.70310115814209,-17.6214656829834,45.4047889709473,146.739303588867,254.374374389648,10,2.85012865066528
00:01:18,0.005,0.005,0.600000023841858,0.600000023841858,1110.98250874022,422.816680908203,432.170043945312,484.223754882812,457.225219726562,426.5224609375,327.277282714844,416.093725585938,574.303021918403,420.651220703125,426.977823350694,659.660949707031,1487.52465820312,1533.26342773438,1627.69775390625,1640.095703125,2336.44189453125,2407.96850585938,2458.45654296875,2368.8671875,-17.1663990020752,40.0932693481445,1074.88159179688,119867.796875,101324.046875,704.865783691406,-8.43846702575684,-10.3075075149536,-19.470588684082,45.4032592773438,148.043182373047,273.067504882812,10,2.85014128684998
00:01:19,0.005,0.005,0.600000023841858,0.600000023841858,1106.02273401523,422.820098876953,432.166046142578,484.233551025391,457.228393554688,426.523315429688,327.281860351562,416.098760986328,574.288237847222,420.653034803602,426.982530653212,665.690063476562,1492.48486328125,1538.28112792969,1634.5654296875,1647.93615722656,2338.44506835938,2410.009765625,2457.6943359375,2370.92797851562,-20.046558380127,37.1938667297363,1072.57202148438,119885.6171875,101326.5,715.213684082031,-11.0246057510376,-11.7951936721802,-20.9658813476562,42.3896064758301,147.257202148438,301.174774169922,10,2.85015416145325
00:01:20,0.005,0.005,0.600000023841858,0.600000023841858,1112.11604098373,422.823486328125,432.162048339844,484.243316650391,457.231536865234,426.524200439453,327.286468505859,416.103796386719,574.273419867622,420.65483194987,427.009902072483,700.987121582031,1503.96728515625,1547.85229492188,1641.34448242188,1655.63439941406,2353.658203125,2424.26171875,2474.73071289062,2386.99145507812,-19.9816265106201,39.1165199279785,1075.94567871094,119927.4140625,101326.5,718.303039550781,-10.2937278747559,-9.53077697753906,-19.4491424560547,45.0018920898438,158.2451171875,305.729461669922,10,2.85016703605652
00:01:21,0.005,0.005,0.600000023841858,0.600000023841858,1107.63978952168,422.826904296875,432.158050537109,484.253112792969,457.234710693359,426.525054931641,327.291046142578,416.108831787109,574.242766655816,420.656646050347,427.014718424479,685.175415039062,1496.337890625,1541.16125488281,1633.66906738281,1649.88171386719,2343.21362304688,2414.740234375,2464.33203125,2376.5927734375,-19.0737781524658,34.3327980041504,1074.55578613281,119921.9296875,101325.765625,712.098327636719,-6.05315351486206,-12.1934566497803,-21.7303466796875,47.3029670715332,155.260543823242,276.951232910156,10,2.85017991065979
00:01:22,0.005,0.005,0.600000023841858,0.600000023841858,1112.1620852392,422.830291748047,432.154052734375,484.262878417969,457.237854003906,426.525939941406,327.295623779297,416.1138671875,574.228830295139,420.681060112847,427.019171278212,685.2080078125,1491.56164550781,1537.3310546875,1629.84655761719,1644.15966796875,2347.958984375,2420.44702148438,2467.185546875,2379.45361328125,-22.8962173461914,31.4871025085449,1074.61889648438,119914.3359375,101325.9375,695.123779296875,-10.3029136657715,-11.4473400115967,-20.6089019775391,47.669075012207,154.494522094727,294.320831298828,10,2.85019278526306
00:01:23,0.005,0.005,0.600000023841858,0.600000023841858,1109.89876990276,422.833679199219,432.150054931641,484.272674560547,457.241027832031,426.526824951172,327.300231933594,416.118902587891,574.214927842882,420.686366780599,427.023624131944,706.733093261719,1490.58874511719,1534.45837402344,1628.87365722656,1643.17504882812,2359.37231445312,2429.95288085938,2478.57958984375,2392.74365234375,-23.8615074157715,30.5026149749756,1065.30139160156,119891.453125,101323.6640625,653.402282714844,-6.88507461547852,-12.2041311264038,-21.7410202026367,45.3940505981445,152.959350585938,264.544616699219,10,2.85020542144775
00:01:24,0.005,0.005,0.600000023841858,0.600000023841858,1109.89103727971,422.837097167969,432.146057128906,484.282440185547,457.244171142578,426.527679443359,327.304809570312,416.123937988281,574.200991482205,420.69152086046,427.028076985677,714.045043945312,1484.91662597656,1530.68603515625,1623.20153808594,1639.40649414062,2363.2255859375,2432.84887695312,2480.537109375,2393.75512695312,-23.8422222137451,27.6685028076172,1058.89990234375,119881.9140625,101324.4296875,661.688781738281,-10.289083480835,-12.5825462341309,-21.3564834594727,47.6752243041992,143.853164672852,188.75471496582,10,2.85021829605103
00:01:25,0.005,0.005,0.600000023841858,0.600000023841858,1106.5046170248,422.840484619141,432.142059326172,484.292236328125,457.247344970703,426.528564453125,327.309387207031,416.128973388672,574.187055121528,420.696657986111,427.03252983941,706.433471679688,1492.439453125,1536.33715820312,1629.77062988281,1644.10400390625,2360.63061523438,2431.20361328125,2477.87866210938,2392.01879882812,-21.0090141296387,31.4717330932617,1063.28503417969,119883.84375,101323.515625,692.506164550781,-10.6813154220581,-11.4442663192749,-20.9811553955078,46.1919708251953,147.360992431641,106.209541320801,10,2.8502311706543
00:01:26,0.005,0.005,0.600000023841858,0.600000023841858,1107.18356476134,422.843902587891,432.138061523438,484.302032470703,457.25048828125,426.529449462891,327.313995361328,416.134025743273,574.173118760851,420.701812065972,427.036982693142,632.20458984375,1486.96154785156,1530.83129882812,1626.14660644531,1638.59814453125,2345.54931640625,2418.90307617188,2464.70678710938,2377.94799804688,-26.5426597595215,30.5448150634766,1068.18310546875,119878.2265625,101324.03125,708.825561523438,-11.0520820617676,-12.5565662384033,-22.0934562683105,42.450870513916,149.844924926758,186.103713989258,10,2.85024404525757
00:01:27,0.005,0.005,0.600000023841858,0.600000023841858,1109.72654329832,422.847290039062,432.134063720703,484.311798095703,457.253662109375,426.530303955078,327.318572998047,416.139061143663,574.159216308594,420.706949191623,427.041435546875,669.571655273438,1470.0009765625,1515.75524902344,1609.19384765625,1624.45288085938,2313.26806640625,2383.90991210938,2431.54833984375,2344.78564453125,-26.5887641906738,31.6320686340332,1071.48168945312,119848.4140625,101324.796875,719.491455078125,-11.7799320220947,-12.5245580673218,-22.4337615966797,41.6083183288574,172.225372314453,260.880157470703,10,2.85025691986084
00:01:28,0.005,0.005,0.600000023841858,0.600000023841858,1106.79798805712,422.850708007812,432.130065917969,484.321594238281,457.256805419922,426.531188964844,327.323150634766,416.144096544054,574.145279947917,420.712103271484,427.045888400608,628.146423339844,1464.08483886719,1509.86193847656,1603.32348632812,1618.56335449219,2307.1650390625,2378.7109375,2424.5263671875,2336.76782226562,-27.5036239624023,30.6330585479736,1067.26940917969,119804.1328125,101324.65625,678.844177246094,-10.9784469604492,-12.5503549575806,-22.0949115753174,43.5265502929688,164.820449829102,309.031646728516,10,2.85026955604553
00:01:29,0.005,0.005,0.600000023841858,0.600000023841858,1107.58905882799,422.854095458984,432.126068115234,484.331359863281,457.259979248047,426.532073974609,327.327758789062,416.149131944444,574.13134358724,420.717240397135,427.050359429253,658.045349121094,1463.91235351562,1509.689453125,1603.15100097656,1618.41003417969,2306.97338867188,2378.5,2424.27709960938,2336.53784179688,-27.6569766998291,30.5180435180664,1068.70373535156,119803.671875,101324.6171875,688.525207519531,-11.8257417678833,-13.7331199645996,-23.2700080871582,43.4882125854492,164.797439575195,309.376678466797,10,2.8502824306488
00:01:30,0.005,0.005,0.600000023841858,0.600000023841858,1106.05343018555,422.857513427734,432.1220703125,484.341156005859,457.263122558594,426.532928466797,327.332336425781,416.154167344835,574.099266221788,420.722394476997,427.054812282986,696.917846679688,1458.23620605469,1502.12109375,1596.53637695312,1610.84167480469,2296.46752929688,2368.94775390625,2416.6630859375,2330.8310546875,-25.7190399169922,31.5022926330566,1066.84680175781,119779.09375,101325.7265625,694.184448242188,-11.4320421218872,-12.2011051177979,-21.3565196990967,43.8880233764648,160.225845336914,333.275177001953,10,2.85029530525208
00:01:31,0.005,0.005,0.600000023841858,0.600000023841858,1104.86471513205,422.860900878906,432.118072509766,484.350952148438,457.266296386719,426.533813476562,327.3369140625,416.159202745226,574.082345920139,420.727531602648,427.059265136719,682.374450683594,1460.09765625,1503.013671875,1598.38256835938,1611.73413085938,2289.80688476562,2362.28735351562,2408.064453125,2324.13989257812,-25.7495994567871,29.5643558502197,1069.05419921875,119771.25,101323.28125,692.095947265625,-6.92618894577026,-10.704249382019,-20.2457256317139,44.251163482666,150.301361083984,329.213409423828,10,2.85030817985535
00:01:32,0.005,0.005,0.600000023841858,0.600000023841858,1105.6694937347,422.864288330078,432.114074707031,484.360717773438,457.269439697266,426.534698486328,327.341522216797,416.164238145616,574.06545952691,420.732685682509,427.063717990451,704.049499511719,1461.08972167969,1505.90539550781,1598.42846679688,1613.67993164062,2304.11987304688,2375.61596679688,2422.36962890625,2334.61499023438,-27.6033954620361,25.818489074707,1071.7060546875,119765.625,101325.3828125,685.21240234375,-12.5580749511719,-12.5611371994019,-22.1010875701904,43.8911170959473,145.360549926758,311.121795654297,10,2.85032105445862
00:01:33,0.005,0.005,0.600000023841858,0.600000023841858,1106.82739545693,422.867706298828,432.110076904297,484.370513916016,457.272583007812,426.535552978516,327.346099853516,416.169273546007,574.04853922526,420.73782280816,427.068170844184,664.781921386719,1473.42614746094,1518.24572753906,1610.75732421875,1626.96228027344,2329.80395507812,2402.28833007812,2449.01123046875,2363.17529296875,-24.7920532226562,28.61452293396,1071.48022460938,119809.34375,101323.4765625,693.721008300781,-12.2056741714478,-11.4442663192749,-21.3610877990723,45.0156555175781,159.033645629883,300.184234619141,10,2.85033392906189
00:01:34,0.005,0.005,0.600000023841858,0.600000023841858,1107.58519251646,422.87109375,432.106079101562,484.380279541016,457.275756835938,426.536437988281,327.350677490234,416.174308946398,574.031618923611,420.742976888021,427.072623697917,694.251708984375,1469.63061523438,1514.45397949219,1606.01013183594,1622.22277832031,2327.95068359375,2399.48120117188,2445.25830078125,2357.52075195312,-22.8904571533203,28.6125907897949,1066.61999511719,119784.640625,101325.1796875,706.023742675781,-10.6828556060791,-10.6820850372314,-20.2189750671387,44.2503929138184,148.01789855957,219.43620300293,10,2.85034656524658
00:01:35,0.005,0.005,0.600000023841858,0.600000023841858,1109.37400598352,422.87451171875,432.10205078125,484.390075683594,457.278900146484,426.537292480469,327.355285644531,416.179344346788,574.014732530382,420.748114013672,427.077076551649,693.333190917969,1462.95874023438,1505.87475585938,1600.28991699219,1615.54895019531,2325.09350585938,2397.57373046875,2445.25830078125,2356.56518554688,-20.9811553955078,30.5180435180664,1065.28369140625,119776.96875,101326.3359375,676.466857910156,-8.0667028427124,-8.81851005554199,-18.3553981781006,42.7252616882324,146.105133056641,168.612197875977,10,2.85035943984985
00:01:36,0.005,0.005,0.600000023841858,0.600000023841858,1107.61061644378,422.877899169922,432.041687011719,484.399871826172,457.282073974609,426.538177490234,327.35986328125,416.204962158203,573.997812228733,420.753268093533,427.081529405382,659.183898925781,1469.71484375,1513.611328125,1608.95349121094,1622.33178710938,2314.73657226562,2385.36328125,2431.14038085938,2344.32788085938,-21.8009853363037,36.3204917907715,1072.08251953125,119788.3046875,101322.140625,703.077331542969,-9.88623809814453,-10.2570056915283,-19.7938938140869,42.047981262207,162.105682373047,239.687072753906,10,2.85037231445312
00:01:37,0.005,0.005,0.600000023841858,0.600000023841858,1112.48767553426,422.881317138672,432.052734375,484.432708740234,457.285217285156,426.5390625,327.364440917969,416.210285780165,573.966040039062,420.758405219184,427.085982259115,761.703002929688,1475.37963867188,1521.1337890625,1614.6181640625,1627.99267578125,2315.53369140625,2387.08325195312,2434.74462890625,2346.07470703125,-20.9811553955078,34.4015121459961,1073.4951171875,119833.5546875,101324.765625,716.979553222656,-6.9490180015564,-10.653829574585,-20.572193145752,41.9897956848145,155.260543823242,325.904235839844,10,2.8503851890564
00:01:38,0.005,0.005,0.600000023841858,0.600000023841858,1108.77144718989,422.884704589844,432.065643310547,484.438262939453,457.288391113281,426.539916992188,327.369049072266,416.215032958984,573.95084906684,420.763559299045,427.090435112847,674.513916015625,1491.5693359375,1536.37377929688,1629.85424804688,1644.15966796875,2333.54321289062,2404.13525390625,2451.81958007812,2365.05297851562,-21.8393802642822,35.3437652587891,1079.99340820312,119879.78125,101328.1015625,733.917846679688,-8.33136653900146,-11.0246057510376,-20.5691318511963,41.9928588867188,158.297073364258,274.364929199219,10,2.85039806365967
00:01:39,0.005,0.005,0.600000023841858,0.600000023841858,1106.87062784947,422.888122558594,432.078552246094,484.443817138672,457.291534423828,426.540802001953,327.373626708984,416.219763183594,573.93606499566,420.768696424696,427.09488796658,676.518859863281,1500.22924804688,1543.16064453125,1636.63757324219,1652.81945800781,2339.50610351562,2411.00219726562,2457.79443359375,2371.90087890625,-19.9354190826416,39.1472663879395,1076.3994140625,119904.859375,101324.2421875,659.865051269531,-9.50007057189941,-9.88768196105957,-19.8060474395752,43.8942337036133,176.980102539062,326.593170166016,10,2.85041069984436
00:01:40,0.005,0.005,0.600000023841858,0.600000023841858,1111.05819471741,422.891510009766,432.091461181641,484.449371337891,457.294708251953,426.541687011719,327.378204345703,416.224510362413,573.921280924479,420.773850504557,427.099340820312,679.184265136719,1491.61535644531,1535.4736328125,1629.86572265625,1644.18273925781,2343.17919921875,2414.70581054688,2462.36694335938,2374.66235351562,-14.3744115829468,40.020393371582,1074.27416992188,119899.046875,101323.671875,690.441955566406,-5.36828899383545,-7.657142162323,-17.9569816589355,46.5123863220215,175.897064208984,293.994079589844,10,2.85042357444763
00:01:41,0.005,0.005,0.600000023841858,0.600000023841858,1107.25128379357,422.894897460938,432.104370117188,484.454925537109,457.2978515625,426.542541503906,327.3828125,416.229240587023,573.906462944879,420.778987630208,427.103793674045,691.723205566406,1473.52966308594,1519.29516601562,1613.71044921875,1626.11987304688,2322.32421875,2393.8623046875,2441.546875,2354.7265625,-13.3287105560303,38.181957244873,1067.59375,119840.3046875,101327.8359375,690.26220703125,-6.85279941558838,-7.99722576141357,-17.5432872772217,44.6693344116211,169.448532104492,292.756103515625,10,2.8504364490509
00:01:42,0.005,0.005,0.600000023841858,0.600000023841858,1110.29500825393,422.898315429688,432.117279052734,484.460479736328,457.301025390625,426.543426513672,327.387390136719,416.233987765842,573.891678873698,420.784141710069,427.108246527778,696.626220703125,1475.31079101562,1521.07250976562,1614.54162597656,1629.79296875,2330.74682617188,2403.21923828125,2449.95776367188,2362.21069335938,-19.0431613922119,34.3634147644043,1071.97229003906,119822.78125,101323.6640625,684.367553710938,-8.76169013977051,-9.14316558837891,-19.0615310668945,46.146297454834,161.794616699219,286.696319580078,10,2.85044932365417
00:01:43,0.005,0.005,0.600000023841858,0.600000023841858,1111.04425256372,422.901702880859,432.130187988281,484.466033935547,457.304168701172,426.544311523438,327.391967773438,416.238717990451,573.876894802517,420.78927883572,427.11269938151,693.841552734375,1482.0439453125,1527.82104492188,1620.33276367188,1634.63806152344,2354.60766601562,2424.23876953125,2471.91918945312,2385.13745117188,-12.4210052490234,39.0935592651367,1065.796875,119857.0234375,101324.8046875,699.380981445312,-6.11282873153687,-7.63258409500122,-17.5509471893311,49.9610023498535,167.8154296875,277.18212890625,10,2.85046219825745
00:01:44,0.005,0.005,0.600000023841858,0.600000023841858,1109.89256037213,422.905120849609,432.143096923828,484.471588134766,457.307342529297,426.545166015625,327.396545410156,416.243448215061,573.862110731337,420.794432915582,427.117152235243,696.646301269531,1482.03637695312,1525.90612792969,1619.36560058594,1632.71923828125,2360.39721679688,2430.96435546875,2477.70092773438,2390.91528320312,-16.1992378234863,35.2961120605469,1068.22021484375,119862.8203125,101324.9375,736.919555664062,-6.86578989028931,-9.15002346038818,-19.0683879852295,44.2596321105957,150.707489013672,116.134864807129,10,2.85047483444214
00:01:45,0.005,0.005,0.600000023841858,0.600000023841858,1110.96352866545,422.908508300781,432.156005859375,484.477142333984,457.310485839844,426.546051025391,327.401153564453,416.24819539388,573.847326660156,420.799570041233,427.121605088976,665.46875,1484.92224121094,1528.82055664062,1624.16088867188,1639.36242675781,2348.44018554688,2421.78833007812,2466.72631835938,2382.68701171875,-21.6484565734863,36.3547325134277,1067.66125488281,119863.09375,101326.109375,710.035339355469,-9.79235458374023,-10.231107711792,-19.7679958343506,44.3542633056641,139.36457824707,180.64533996582,10,2.85048770904541
00:01:46,0.005,0.005,0.600000023841858,0.600000023841858,1110.65106039739,422.911926269531,432.1689453125,484.482727050781,457.313659667969,426.546936035156,327.405731201172,416.25292561849,573.818606228299,420.824001057943,427.126057942708,674.065246582031,1484.0087890625,1529.76293945312,1624.17822265625,1637.552734375,2335.72192382812,2412.01708984375,2454.93310546875,2370.0546875,-18.1430854797363,37.239860534668,1069.92736816406,119885.46875,101329.734375,716.741882324219,-7.62031221389771,-9.1554126739502,-19.0645790100098,46.1401443481445,141.798522949219,242.236419677734,10,2.85050058364868
00:01:47,0.005,0.005,0.600000023841858,0.600000023841858,1103.45819786246,422.915313720703,432.181854248047,484.48828125,457.316802978516,426.547790527344,327.410308837891,416.257672797309,573.808738878038,420.825408257379,427.130510796441,668.184753417969,1493.45385742188,1539.25378417969,1633.64611816406,1648.859375,2335.65258789062,2406.271484375,2454.84106445312,2367.14721679688,-17.959753036499,38.3078918457031,1067.32495117188,119895.5,101327.2109375,671.570556640625,-8.36497592926025,-9.10044097900391,-19.0188064575195,42.826042175293,148.628875732422,285.978393554688,10,2.85051345825195
00:01:48,0.005,0.005,0.600000023841858,0.600000023841858,1108.69458960315,422.918731689453,432.194763183594,484.493835449219,457.319976806641,426.548675537109,327.414916992188,416.262403021918,573.798837619358,420.826798502604,427.134981825087,667.009338378906,1478.58056640625,1521.53479003906,1615.94995117188,1630.27429199219,2324.4453125,2396.84912109375,2443.59912109375,2356.77514648438,-20.8856925964355,33.4745750427246,1069.64025878906,119867.1875,101328.2734375,691.177673339844,-9.89545345306396,-11.0246057510376,-20.5614948272705,43.9078712463379,155.061981201172,330.648010253906,10,2.85052633285522
00:01:49,0.005,0.005,0.600000023841858,0.600000023841858,1109.86174704086,422.922119140625,432.207672119141,484.499389648438,457.323120117188,426.549530029297,327.419494628906,416.267133246528,573.788970269097,420.82820570204,427.162207845052,688.556274414062,1471.54187011719,1515.41162109375,1609.8115234375,1624.11694335938,2314.72509765625,2386.251953125,2432.98266601562,2346.19702148438,-20.012186050415,37.1480293273926,1069.18273925781,119830.7109375,101324.6640625,687.911865234375,-9.930588722229,-9.54911327362061,-19.0982265472412,48.0475807189941,156.386627197266,312.523712158203,10,2.85053896903992
00:01:50,0.005,0.005,0.600000023841858,0.600000023841858,1104.1802608306,422.925506591797,432.220581054688,484.504943847656,457.326293945312,426.569763183594,327.424072265625,416.271880425347,573.779102918837,420.829612901476,427.166951497396,667.631591796875,1467.72717285156,1512.57360839844,1606.97717285156,1619.39819335938,2309.83447265625,2380.43041992188,2428.10327148438,2340.3525390625,-15.3511266708374,39.0206489562988,1065.05346679688,119811.328125,101323.109375,697.096557617188,-8.80617427825928,-7.66635274887085,-17.9569816589355,50.317928314209,181.458023071289,276.192901611328,10,2.85055184364319
00:01:51,0.005,0.005,0.600000023841858,0.600000023841858,1108.35997791453,422.928924560547,432.233489990234,484.510498046875,457.329437255859,426.571990966797,327.428680419922,416.276610649957,573.769235568576,420.831003146701,427.171331651476,639.862121582031,1465.81213378906,1508.74353027344,1602.21264648438,1616.51037597656,2308.85791015625,2380.39208984375,2426.16162109375,2338.4296875,-24.7805404663086,30.5334129333496,1069.08142089844,119784.6328125,101322.90625,711.650695800781,-12.5794706344604,-11.8165197372437,-21.734884262085,49.9671478271484,189.181121826172,320.519653320312,10,2.85056471824646
00:01:52,0.005,0.005,0.600000023841858,0.600000023841858,1108.70372815767,422.932312011719,432.309448242188,484.516052246094,457.332611083984,426.574005126953,327.433258056641,416.281357828776,573.759368218316,420.832410346137,427.175711805556,695.401672363281,1462.00500488281,1506.83605957031,1600.2822265625,1613.6416015625,2317.43334960938,2388.95239257812,2436.63671875,2348.8974609375,-19.1197052001953,35.2405624389648,1074.92529296875,119790.2265625,101322.8984375,701.951416015625,-11.4442663192749,-11.0627908706665,-20.6027412414551,48.8349914550781,192.950088500977,297.980133056641,10,2.85057759284973
00:01:53,0.005,0.005,0.600000023841858,0.600000023841858,1109.50089129822,422.935729980469,432.349792480469,484.521606445312,457.335754394531,426.575988769531,327.437835693359,416.286088053385,573.749500868056,420.833817545573,427.180073784722,706.367492675781,1454.38317871094,1500.16027832031,1589.81469726562,1606.02355957031,2311.73413085938,2383.2646484375,2430.9453125,2345.11328125,-26.7032890319824,28.6145076751709,1065.01086425781,119765.546875,101323.859375,675.151916503906,-10.307523727417,-9.92604827880859,-19.8444118499756,43.8681488037109,154.523712158203,273.587127685547,10,2.850590467453
00:01:54,0.005,0.005,0.600000023841858,0.600000023841858,1104.14628415353,422.939117431641,432.389739990234,484.527160644531,457.338928222656,426.578002929688,327.442443847656,416.290818277995,573.739633517795,420.835207790799,427.184453938802,697.684997558594,1453.42761230469,1497.29919433594,1591.71240234375,1606.01403808594,2315.556640625,2386.13159179688,2432.8662109375,2346.07861328125,-26.6975269317627,27.6608180999756,1066.03381347656,119744.5625,101327.2890625,681.105346679688,-11.0620222091675,-11.4465713500977,-20.6027526855469,40.0610771179199,135.066162109375,148.167724609375,10,2.8506031036377
00:01:55,0.005,0.005,0.600000023841858,0.600000023841858,1111.17453554612,422.942535400391,432.429718017578,484.53271484375,457.342071533203,426.579986572266,327.447021484375,416.295565456814,573.729766167535,420.836614990234,427.188834092882,669.08642578125,1460.06896972656,1503.99597167969,1598.38256835938,1609.88403320312,2309.08129882812,2381.4755859375,2427.31005859375,2338.67407226562,-21.1529865264893,35.1432952880859,1068.18395996094,119763.390625,101323.4921875,702.310852050781,-2.11357569694519,-9.90690898895264,-19.4323425292969,41.9623107910156,139.101104736328,188.26106262207,10,2.85061597824097
00:01:56,0.005,0.005,0.600000023841858,0.600000023841858,1110.53097041811,422.945922851562,432.469665527344,484.538269042969,457.34521484375,426.582000732422,327.451599121094,416.300295681424,573.719898817274,420.83802218967,427.193214246962,701.345825195312,1453.44860839844,1497.31823730469,1589.82604980469,1604.15832519531,2286.04565429688,2357.572265625,2403.37622070312,2317.51733398438,-29.4572696685791,29.5911273956299,1072.9521484375,119752.1796875,101323.34375,717.610412597656,-12.0680046081543,-12.5672750473022,-22.1041641235352,38.9426345825195,161.863433837891,268.268249511719,10,2.85062885284424
00:01:57,0.005,0.005,0.600000023841858,0.600000023841858,1109.47171822033,422.949310302734,432.509643554688,484.543823242188,457.348388671875,426.583984375,327.456207275391,416.305042860243,573.710031467014,420.839412434896,427.197594401042,673.85009765625,1465.56787109375,1509.46044921875,1602.92199707031,1617.22729492188,2303.58544921875,2371.34326171875,2419.05053710938,2334.12646484375,-28.6564769744873,30.4722328186035,1065.16394042969,119787.6796875,101324.359375,676.221313476562,-10.3181638717651,-12.5520448684692,-22.0889339447021,37.0397758483887,166.466598510742,275.190490722656,10,2.85064172744751
00:01:58,0.005,0.005,0.600000023841858,0.600000023841858,1107.55824549672,422.952728271484,432.549591064453,484.549377441406,457.351531982422,426.585998535156,327.460784912109,416.309773084852,573.681785753038,420.840819634332,427.201956380208,693.319702148438,1478.08361816406,1521.93408203125,1615.39562988281,1630.63549804688,2316.41430664062,2386.91064453125,2435.56811523438,2349.7744140625,-20.0849723815918,35.2289810180664,1072.34118652344,119839.375,101322.1953125,655.996643066406,-12.9318313598633,-12.5733575820923,-21.7364387512207,43.0530624389648,175.867889404297,300.140716552734,10,2.85065460205078
00:01:59,0.005,0.005,0.600000023841858,0.600000023841858,1111.81833499605,422.956115722656,432.651428222656,484.554962158203,457.354705810547,426.587982177734,327.465362548828,416.314520263672,573.668290201823,420.842226833767,427.206336534288,688.041076660156,1477.11059570312,1521.91870117188,1615.36486816406,1629.685546875,2323.001953125,2390.72924804688,2441.29028320312,2355.42749023438,-19.2271881103516,36.0867652893066,1075.27673339844,119856.8125,101322.921875,710.344177246094,-10.7181339263916,-11.856424331665,-21.7686519622803,46.1094512939453,165.947998046875,345.653656005859,10,2.85066723823547
