Author,Material,w,w_e,w_mf,FG,T_bed,p_bed,d_p,rho_p,eps_mf,phi_s,d_t,p_h,p_v,mDot_p,w_p,h
Eder,Soda-lime glass,0.12,NaN,0.017,NaN,NaN,100000,0.00013,2450,0.41,1,0.03,0.055,0.0275,0,0,381.748601645812
Eder,Soda-lime glass,0.12,NaN,0.017,NaN,NaN,100000,0.00013,2450,0.41,1,0.03,0.055,0.0275,0.0244444444444444,0.000835472097565946,370.601721115671
Eder,Soda-lime glass,0.12,NaN,0.017,NaN,NaN,100000,0.00013,2450,0.41,1,0.03,0.055,0.0275,0.0572222222222222,0.00195576422839301,382.531972840343
Eder,Soda-lime glass,0.12,NaN,0.017,NaN,NaN,100000,0.00013,2450,0.41,1,0.03,0.055,0.0275,0.0897222222222222,0.00306656235811137,379.077609180399
Eder,Soda-lime glass,0.04,NaN,0.017,NaN,NaN,100000,0.00013,2450,0.41,1,0.03,0.055,0.0275,0,0,298.272818170028
Eder,Soda-lime glass,0.04,NaN,0.017,NaN,NaN,100000,0.00013,2450,0.41,1,0.03,0.055,0.0275,0.0244444444444444,0.000835472097565946,296.100296614247
Eder,Soda-lime glass,0.04,NaN,0.017,NaN,NaN,100000,0.00013,2450,0.41,1,0.03,0.055,0.0275,0.0572222222222222,0.00195576422839301,313.158753467124
Eder,Soda-lime glass,0.08,NaN,0.017,NaN,NaN,100000,0.00013,2450,0.41,1,0.03,0.055,0.0275,0,0,360.950880848091
Eder,Soda-lime glass,0.08,NaN,0.017,NaN,NaN,100000,0.00013,2450,0.41,1,0.03,0.055,0.0275,0.0244444444444444,0.000835472097565946,349.80420949584
Eder,Soda-lime glass,0.08,NaN,0.017,NaN,NaN,100000,0.00013,2450,0.41,1,0.03,0.055,0.0275,0.0572222222222222,0.00195576422839301,356.606046914417
Eder,Soda-lime glass,0.08,NaN,0.017,NaN,NaN,100000,0.00013,2450,0.41,1,0.03,0.055,0.0275,0.0897222222222222,0.00306656235811137,363.408093510884
Eder,Soda-lime glass,0.16,NaN,0.017,NaN,NaN,100000,0.00013,2450,0.41,1,0.02,0.055,0.0275,0,0,437.304008973941
Eder,Soda-lime glass,0.16,NaN,0.017,NaN,NaN,100000,0.00013,2450,0.41,1,0.02,0.055,0.0275,0.0244444444444444,0.000622926242152311,438.550273320107
Eder,Soda-lime glass,0.16,NaN,0.017,NaN,NaN,100000,0.00013,2450,0.41,1,0.02,0.055,0.0275,0.0572222222222222,0.00145821370322018,467.574524724378
Eder,Soda-lime glass,0.16,NaN,0.017,NaN,NaN,100000,0.00013,2450,0.41,1,0.02,0.055,0.0275,0.0897222222222222,0.00228642245699087,449.590229120102
Eder,Soda-lime glass,0.05,NaN,0.017,NaN,NaN,100000,0.00013,2450,0.41,1,0.02,0.055,0.0275,0,0,338.44374963376
Eder,Soda-lime glass,0.05,NaN,0.017,NaN,NaN,100000,0.00013,2450,0.41,1,0.02,0.055,0.0275,0.0244444444444444,0.000622926242152311,353.79257808249
Eder,Soda-lime glass,0.05,NaN,0.017,NaN,NaN,100000,0.00013,2450,0.41,1,0.02,0.055,0.0275,0.0572222222222222,0.00145821370322018,351.62024829018
Eder,Soda-lime glass,0.05,NaN,0.017,NaN,NaN,100000,0.00013,2450,0.41,1,0.02,0.055,0.0275,0.0897222222222222,0.00228642245699087,362.268431318382
Eder,Soda-lime glass,0.11,NaN,0.017,NaN,NaN,100000,0.00013,2450,0.41,1,0.02,0.055,0.0275,0,0,410.950593100446
Eder,Soda-lime glass,0.11,NaN,0.017,NaN,NaN,100000,0.00013,2450,0.41,1,0.02,0.055,0.0275,0.0244444444444444,0.000622926242152311,429.718434248307
Eder,Soda-lime glass,0.11,NaN,0.017,NaN,NaN,100000,0.00013,2450,0.41,1,0.02,0.055,0.0275,0.0572222222222222,0.00145821370322018,425.409352319245
Eder,Soda-lime glass,0.11,NaN,0.017,NaN,NaN,100000,0.00013,2450,0.41,1,0.02,0.055,0.0275,0.0897222222222222,0.00228642245699087,425.801125091037
Grewal,Silica,0.0928165125500825,NaN,0.0273549991,NaN,293.15,100000,0.000167,2670,0.44,0.81,0.0127,0.028575,0.0247466759131403,0,0,415.082138127307
Grewal,Silica,0.144061604855373,NaN,0.0273549991,NaN,293.15,100000,0.000167,2670,0.44,0.81,0.0127,0.028575,0.0247466759131403,0,0,452.686996633588
Grewal,Silica,0.195887065955892,NaN,0.0273549991,NaN,293.15,100000,0.000167,2670,0.44,0.81,0.0127,0.028575,0.0247466759131403,0,0,454.354787647539
Grewal,Silica,0.218671072061281,NaN,0.0273549991,NaN,293.15,100000,0.000167,2670,0.44,0.81,0.0127,0.028575,0.0247466759131403,0,0,466.200380233809
Grewal,Silica,0.292517061326477,NaN,0.0273549991,NaN,293.15,100000,0.000167,2670,0.44,0.81,0.0127,0.028575,0.0247466759131403,0,0,471.640591202245
Grewal,Silica,0.306263498840978,NaN,0.0273549991,NaN,293.15,100000,0.000167,2670,0.44,0.81,0.0127,0.028575,0.0247466759131403,0,0,464.736960748401
Grewal,Silica,0.327763648396807,NaN,0.0273549991,NaN,293.15,100000,0.000167,2670,0.44,0.81,0.0127,0.028575,0.0247466759131403,0,0,469.722184007306
Grewal,Silica,0.365599224022019,NaN,0.0273549991,NaN,293.15,100000,0.000167,2670,0.44,0.81,0.0127,0.028575,0.0247466759131403,0,0,469.209514795803
Grewal,Silica,0.398756623200946,NaN,0.0273549991,NaN,293.15,100000,0.000167,2670,0.44,0.81,0.0127,0.028575,0.0247466759131403,0,0,476.583796470489
Grewal,Silica,0.439204206823206,NaN,0.0273549991,NaN,293.15,100000,0.000167,2670,0.44,0.81,0.0127,0.028575,0.0247466759131403,0,0,464.152438286594
Grewal,Silica,0.439973613896846,NaN,0.0273549991,NaN,293.15,100000,0.000167,2670,0.44,0.81,0.0127,0.028575,0.0247466759131403,0,0,468.793561550969
Grewal,Silica,0.0928168613473633,NaN,0.0273549991,NaN,293.15,100000,0.000167,2670,0.44,0.81,0.0127,0.05715,0.0494933518262807,0,0,414.880252870401
Grewal,Silica,0.144061953652654,NaN,0.0273549991,NaN,293.15,100000,0.000167,2670,0.44,0.81,0.0127,0.05715,0.0494933518262807,0,0,452.485111376682
Grewal,Silica,0.194829567226238,NaN,0.0273549991,NaN,293.15,100000,0.000167,2670,0.44,0.81,0.0127,0.05715,0.0494933518262807,0,0,466.470886587891
Grewal,Silica,0.246891151881342,NaN,0.0273549991,NaN,293.15,100000,0.000167,2670,0.44,0.81,0.0127,0.05715,0.0494933518262807,0,0,481.462358676176
Grewal,Silica,0.304408341888814,NaN,0.0273549991,NaN,293.15,100000,0.000167,2670,0.44,0.81,0.0127,0.05715,0.0494933518262807,0,0,488.564642233799
Grewal,Silica,0.304371371312938,NaN,0.0273549991,NaN,293.15,100000,0.000167,2670,0.44,0.81,0.0127,0.05715,0.0494933518262807,0,0,509.964479465883
Grewal,Silica,0.355421844835831,NaN,0.0273549991,NaN,293.15,100000,0.000167,2670,0.44,0.81,0.0127,0.05715,0.0494933518262807,0,0,510.221311325962
Grewal,Silica,0.356748601178365,NaN,0.0273549991,NaN,293.15,100000,0.000167,2670,0.44,0.81,0.0127,0.05715,0.0494933518262807,0,0,492.249794053833
Grewal,Silica,0.400283578914031,NaN,0.0273549991,NaN,293.15,100000,0.000167,2670,0.44,0.81,0.0127,0.05715,0.0494933518262807,0,0,492.730141734058
Grewal,Silica,0.436013574017334,NaN,0.0273549991,NaN,293.15,100000,0.000167,2670,0.44,0.81,0.0127,0.05715,0.0494933518262807,0,0,510.998768466783
Grewal,Silica,0.093604056156464,NaN,0.0273549991,NaN,293.15,100000,0.000167,2670,0.44,0.81,0.0127,0.085725,0.074240027739421,0,0,409.225228032547
Grewal,Silica,0.146159163460669,NaN,0.0273549991,NaN,293.15,100000,0.000167,2670,0.44,0.81,0.0127,0.085725,0.074240027739421,0,0,438.549061598209
Grewal,Silica,0.195871370919946,NaN,0.0273549991,NaN,293.15,100000,0.000167,2670,0.44,0.81,0.0127,0.085725,0.074240027739421,0,0,463.43962420833
Grewal,Silica,0.246893593293969,NaN,0.0273549991,NaN,293.15,100000,0.000167,2670,0.44,0.81,0.0127,0.085725,0.074240027739421,0,0,480.049161877831
Grewal,Silica,0.308028321926714,NaN,0.0273549991,NaN,293.15,100000,0.000167,2670,0.44,0.81,0.0127,0.085725,0.074240027739421,0,0,493.197560801773
Grewal,Silica,0.357001466160738,NaN,0.0273549991,NaN,293.15,100000,0.000167,2670,0.44,0.81,0.0127,0.085725,0.074240027739421,0,0,495.882982796658
Grewal,Silica,0.402090255569236,NaN,0.0273549991,NaN,293.15,100000,0.000167,2670,0.44,0.81,0.0127,0.085725,0.074240027739421,0,0,496.964510958657
Grewal,Silica,0.0930658897279855,NaN,0.0273549991,NaN,293.15,100000,0.000167,2670,0.44,0.81,0.0127,0.1143,0.0989867036525613,0,0,420.734179439197
Grewal,Silica,0.144335745377676,NaN,0.0273549991,NaN,293.15,100000,0.000167,2670,0.44,0.81,0.0127,0.1143,0.0989867036525613,0,0,444.00518470512
Grewal,Silica,0.19533041428156,NaN,0.0273549991,NaN,293.15,100000,0.000167,2670,0.44,0.81,0.0127,0.1143,0.0989867036525613,0,0,476.563657670231
Grewal,Silica,0.245844465278209,NaN,0.0273549991,NaN,293.15,100000,0.000167,2670,0.44,0.81,0.0127,0.1143,0.0989867036525613,0,0,487.320014652428
Grewal,Silica,0.303885870496281,NaN,0.0273549991,NaN,293.15,100000,0.000167,2670,0.44,0.81,0.0127,0.1143,0.0989867036525613,0,0,490.988757079658
Grewal,Silica,0.356493643496476,NaN,0.0273549991,NaN,293.15,100000,0.000167,2670,0.44,0.81,0.0127,0.1143,0.0989867036525613,0,0,489.827916852446
Grewal,Silica,0.436048451977863,NaN,0.0273549991,NaN,293.15,100000,0.000167,2670,0.44,0.81,0.0127,0.1143,0.0989867036525613,0,0,490.810242776138
Grewal,Silica,0.295123798814806,NaN,0.22220676192,NaN,293.15,100000,0.000504,2670,0.42,0.88,0.0127,0.028575,0.0247466759131403,0,0,250.836843008686
Grewal,Silica,0.329190939158679,NaN,0.22220676192,NaN,293.15,100000,0.000504,2670,0.42,0.88,0.0127,0.028575,0.0247466759131403,0,0,264.169906278966
Grewal,Silica,0.364479543255119,NaN,0.22220676192,NaN,293.15,100000,0.000504,2670,0.42,0.88,0.0127,0.028575,0.0247466759131403,0,0,273.648748669711
Grewal,Silica,0.403457041618237,NaN,0.22220676192,NaN,293.15,100000,0.000504,2670,0.42,0.88,0.0127,0.028575,0.0247466759131403,0,0,282.320313090048
Grewal,Silica,0.437502452665872,NaN,0.22220676192,NaN,293.15,100000,0.000504,2670,0.42,0.88,0.0127,0.028575,0.0247466759131403,0,0,286.115582409283
Grewal,Silica,0.475032872502462,NaN,0.22220676192,NaN,293.15,100000,0.000504,2670,0.42,0.88,0.0127,0.028575,0.0247466759131403,0,0,289.610656047238
Grewal,Silica,0.512154596784637,NaN,0.22220676192,NaN,293.15,100000,0.000504,2670,0.42,0.88,0.0127,0.028575,0.0247466759131403,0,0,293.714030691064
Grewal,Silica,0.555623124093167,NaN,0.22220676192,NaN,293.15,100000,0.000504,2670,0.42,0.88,0.0127,0.028575,0.0247466759131403,0,0,293.664966184902
Grewal,Silica,0.329997234659028,NaN,0.22220676192,NaN,293.15,100000,0.000504,2670,0.42,0.88,0.0127,0.028575,0.0247466759131403,0,0,258.082941398606
Grewal,Silica,0.366124728116006,NaN,0.22220676192,NaN,293.15,100000,0.000504,2670,0.42,0.88,0.0127,0.028575,0.0247466759131403,0,0,275.781509835559
Grewal,Silica,0.401405472658274,NaN,0.22220676192,NaN,293.15,100000,0.000504,2670,0.42,0.88,0.0127,0.028575,0.0247466759131403,0,0,281.810511861032
Grewal,Silica,0.43771073026225,NaN,0.22220676192,NaN,293.15,100000,0.000504,2670,0.42,0.88,0.0127,0.028575,0.0247466759131403,0,0,287.536352088984
Grewal,Silica,0.473395778324447,NaN,0.22220676192,NaN,293.15,100000,0.000504,2670,0.42,0.88,0.0127,0.028575,0.0247466759131403,0,0,291.029201139758
Grewal,Silica,0.511744051863944,NaN,0.22220676192,NaN,293.15,100000,0.000504,2670,0.42,0.88,0.0127,0.028575,0.0247466759131403,0,0,293.510604552165
Grewal,Silica,0.53901315954937,NaN,0.22220676192,NaN,293.15,100000,0.000504,2670,0.42,0.88,0.0127,0.028575,0.0247466759131403,0,0,292.934683648598
Grewal,Silica,0.545989649740915,NaN,0.22220676192,NaN,293.15,100000,0.000504,2670,0.42,0.88,0.0127,0.028575,0.0247466759131403,0,0,295.175337292732
Grewal,Silica,0.293277964698843,NaN,0.22220676192,NaN,293.15,100000,0.000504,2670,0.42,0.88,0.0127,0.05715,0.0494933518262807,0,0,250.631686635312
Grewal,Silica,0.330042311404914,NaN,0.22220676192,NaN,293.15,100000,0.000504,2670,0.42,0.88,0.0127,0.05715,0.0494933518262807,0,0,277.868790552371
Grewal,Silica,0.366976100362242,NaN,0.22220676192,NaN,293.15,100000,0.000504,2670,0.42,0.88,0.0127,0.05715,0.0494933518262807,0,0,289.480394108964
Grewal,Silica,0.403297539331962,NaN,0.22220676192,NaN,293.15,100000,0.000504,2670,0.42,0.88,0.0127,0.05715,0.0494933518262807,0,0,302.308846853651
Grewal,Silica,0.442071383346058,NaN,0.22220676192,NaN,293.15,100000,0.000504,2670,0.42,0.88,0.0127,0.05715,0.0494933518262807,0,0,311.588959456212
Grewal,Silica,0.474473921156483,NaN,0.22220676192,NaN,293.15,100000,0.000504,2670,0.42,0.88,0.0127,0.05715,0.0494933518262807,0,0,314.266126540561
Grewal,Silica,0.512205452589718,NaN,0.22220676192,NaN,293.15,100000,0.000504,2670,0.42,0.88,0.0127,0.05715,0.0494933518262807,0,0,316.036527172234
Grewal,Silica,0.558753298142566,NaN,0.22220676192,NaN,293.15,100000,0.000504,2670,0.42,0.88,0.0127,0.05715,0.0494933518262807,0,0,317.614624600913
Grewal,Silica,0.364527625094952,NaN,0.22220676192,NaN,293.15,100000,0.000504,2670,0.42,0.88,0.0127,0.05715,0.0494933518262807,0,0,294.753654433726
Grewal,Silica,0.436530182349783,NaN,0.22220676192,NaN,293.15,100000,0.000504,2670,0.42,0.88,0.0127,0.05715,0.0494933518262807,0,0,309.350036046552
Grewal,Silica,0.474058752904265,NaN,0.22220676192,NaN,293.15,100000,0.000504,2670,0.42,0.88,0.0127,0.05715,0.0494933518262807,0,0,312.033382539737
Grewal,Silica,0.548691248221769,NaN,0.22220676192,NaN,293.15,100000,0.000504,2670,0.42,0.88,0.0127,0.05715,0.0494933518262807,0,0,311.007229908339
Grewal,Silica,0.294328367962576,NaN,0.22220676192,NaN,293.15,100000,0.000504,2670,0.42,0.88,0.0127,0.085725,0.074240027739421,0,0,261.692704864568
Grewal,Silica,0.328396664118288,NaN,0.22220676192,NaN,293.15,100000,0.000504,2670,0.42,0.88,0.0127,0.085725,0.074240027739421,0,0,275.53309760033
Grewal,Silica,0.365337850288218,NaN,0.22220676192,NaN,293.15,100000,0.000504,2670,0.42,0.88,0.0127,0.085725,0.074240027739421,0,0,290.391609736002
Grewal,Silica,0.400830570991081,NaN,0.22220676192,NaN,293.15,100000,0.000504,2670,0.42,0.88,0.0127,0.085725,0.074240027739421,0,0,299.464835730715
Grewal,Silica,0.43631681916448,NaN,0.22220676192,NaN,293.15,100000,0.000504,2670,0.42,0.88,0.0127,0.085725,0.074240027739421,0,0,305.697016718734
Grewal,Silica,0.478364158148506,NaN,0.22220676192,NaN,293.15,100000,0.000504,2670,0.42,0.88,0.0127,0.085725,0.074240027739421,0,0,311.835641456967
Grewal,Silica,0.512608137956238,NaN,0.22220676192,NaN,293.15,100000,0.000504,2670,0.42,0.88,0.0127,0.085725,0.074240027739421,0,0,312.790112945862
Grewal,Silica,0.559975455365403,NaN,0.22220676192,NaN,293.15,100000,0.000504,2670,0.42,0.88,0.0127,0.085725,0.074240027739421,0,0,314.064801400666
Grewal,Silica,0.292689655631152,NaN,0.22220676192,NaN,293.15,100000,0.000504,2670,0.42,0.88,0.0127,0.1143,0.0989867036525613,0,0,262.400988705414
Grewal,Silica,0.329434122323093,NaN,0.22220676192,NaN,293.15,100000,0.000504,2670,0.42,0.88,0.0127,0.1143,0.0989867036525613,0,0,280.912025816197
Grewal,Silica,0.40186456176037,NaN,0.22220676192,NaN,293.15,100000,0.000504,2670,0.42,0.88,0.0127,0.1143,0.0989867036525613,0,0,303.321775550139
Grewal,Silica,0.507687146501743,NaN,0.22220676192,NaN,293.15,100000,0.000504,2670,0.42,0.88,0.0127,0.1143,0.0989867036525613,0,0,312.784180713378
Grewal,Silica,0.558128003096031,NaN,0.22220676192,NaN,293.15,100000,0.000504,2670,0.42,0.88,0.0127,0.1143,0.0989867036525613,0,0,313.149383775619
Grewal,Silica,0.364936089520667,NaN,0.22220676192,NaN,293.15,100000,0.000504,2670,0.42,0.88,0.0127,0.1143,0.0989867036525613,0,0,294.043887534759
Grewal,Silica,0.438988828794923,NaN,0.22220676192,NaN,293.15,100000,0.000504,2670,0.42,0.88,0.0127,0.1143,0.0989867036525613,0,0,308.541275018023
Grewal,Silica,0.473853711614703,NaN,0.22220676192,NaN,293.15,100000,0.000504,2670,0.42,0.88,0.0127,0.1143,0.0989867036525613,0,0,312.033135363384
Grewal,Alumina,0.146473344042256,NaN,0.105211535,NaN,293.15,100000,0.000259,4015,0.51,0.64,0.0127,0.028575,0.0247466759131403,0,0,300.332086682051
Grewal,Alumina,0.19635066088927,NaN,0.105211535,NaN,293.15,100000,0.000259,4015,0.51,0.64,0.0127,0.028575,0.0247466759131403,0,0,339.734224556378
Grewal,Alumina,0.25452367328058,NaN,0.105211535,NaN,293.15,100000,0.000259,4015,0.51,0.64,0.0127,0.028575,0.0247466759131403,0,0,372.189066603008
Grewal,Alumina,0.327860140168125,NaN,0.105211535,NaN,293.15,100000,0.000259,4015,0.51,0.64,0.0127,0.028575,0.0247466759131403,0,0,391.127025808334
Grewal,Alumina,0.400427718043628,NaN,0.105211535,NaN,293.15,100000,0.000259,4015,0.51,0.64,0.0127,0.028575,0.0247466759131403,0,0,402.576058990478
Grewal,Alumina,0.4741633642285,NaN,0.105211535,NaN,293.15,100000,0.000259,4015,0.51,0.64,0.0127,0.028575,0.0247466759131403,0,0,410.651706851277
Grewal,Alumina,0.544986876917446,NaN,0.105211535,NaN,293.15,100000,0.000259,4015,0.51,0.64,0.0127,0.028575,0.0247466759131403,0,0,411.617728972706
Grewal,Alumina,0.553558515215556,NaN,0.105211535,NaN,293.15,100000,0.000259,4015,0.51,0.64,0.0127,0.028575,0.0247466759131403,0,0,409.913264900135
Grewal,Alumina,0.146808226045468,NaN,0.105211535,NaN,293.15,100000,0.000259,4015,0.51,0.64,0.0127,0.05715,0.0494933518262807,0,0,313.814487679372
Grewal,Alumina,0.196716352028361,NaN,0.105211535,NaN,293.15,100000,0.000259,4015,0.51,0.64,0.0127,0.05715,0.0494933518262807,0,0,357.523673112119
Grewal,Alumina,0.255169325664938,NaN,0.105211535,NaN,293.15,100000,0.000259,4015,0.51,0.64,0.0127,0.05715,0.0494933518262807,0,0,395.783135725843
Grewal,Alumina,0.327572141687446,NaN,0.105211535,NaN,293.15,100000,0.000259,4015,0.51,0.64,0.0127,0.05715,0.0494933518262807,0,0,417.532160950638
Grewal,Alumina,0.400842971643442,NaN,0.105211535,NaN,293.15,100000,0.000259,4015,0.51,0.64,0.0127,0.05715,0.0494933518262807,0,0,427.294236227156
Grewal,Alumina,0.473618176403022,NaN,0.105211535,NaN,293.15,100000,0.000259,4015,0.51,0.64,0.0127,0.05715,0.0494933518262807,0,0,434.435691360972
Grewal,Alumina,0.547545375001146,NaN,0.105211535,NaN,293.15,100000,0.000259,4015,0.51,0.64,0.0127,0.05715,0.0494933518262807,0,0,435.956605925572
Grewal,Silica,0.0932907788790326,NaN,0.0273549991,NaN,293.15,100000,0.000167,2670,0.44,0.81,0.0286,0.05005,0.0433445714594111,0,0,297.456637409138
Grewal,Silica,0.144432587377152,NaN,0.0273549991,NaN,293.15,100000,0.000167,2670,0.44,0.81,0.0286,0.05005,0.0433445714594111,0,0,326.674015962461
Grewal,Silica,0.197435145283451,NaN,0.0273549991,NaN,293.15,100000,0.000167,2670,0.44,0.81,0.0286,0.05005,0.0433445714594111,0,0,346.151831912353
Grewal,Silica,0.246449375631923,NaN,0.0273549991,NaN,293.15,100000,0.000167,2670,0.44,0.81,0.0286,0.05005,0.0433445714594111,0,0,357.825690763978
Grewal,Silica,0.305198745649732,NaN,0.0273549991,NaN,293.15,100000,0.000167,2670,0.44,0.81,0.0286,0.05005,0.0433445714594111,0,0,364.911389488238
Grewal,Silica,0.353158590519956,NaN,0.0273549991,NaN,293.15,100000,0.000167,2670,0.44,0.81,0.0286,0.05005,0.0433445714594111,0,0,368.775006808136
Grewal,Silica,0.400896273911304,NaN,0.0273549991,NaN,293.15,100000,0.000167,2670,0.44,0.81,0.0286,0.05005,0.0433445714594111,0,0,374.922753838741
Grewal,Silica,0.0935705377814744,NaN,0.0273549991,NaN,293.15,100000,0.000167,2670,0.44,0.81,0.0286,0.05005,0.0433445714594111,0,0,301.061807403063
Grewal,Silica,0.145451709147299,NaN,0.0273549991,NaN,293.15,100000,0.000167,2670,0.44,0.81,0.0286,0.05005,0.0433445714594111,0,0,330.878563797474
Grewal,Silica,0.194516484127216,NaN,0.0273549991,NaN,293.15,100000,0.000167,2670,0.44,0.81,0.0286,0.05005,0.0433445714594111,0,0,347.720583614387
Grewal,Silica,0.246476411124633,NaN,0.0273549991,NaN,293.15,100000,0.000167,2670,0.44,0.81,0.0286,0.05005,0.0433445714594111,0,0,360.590055931458
Grewal,Silica,0.304253677733933,NaN,0.0273549991,NaN,293.15,100000,0.000167,2670,0.44,0.81,0.0286,0.05005,0.0433445714594111,0,0,368.278798416323
Grewal,Silica,0.357357324987291,NaN,0.0273549991,NaN,293.15,100000,0.000167,2670,0.44,0.81,0.0286,0.05005,0.0433445714594111,0,0,373.092936296793
Grewal,Silica,0.399146017573012,NaN,0.0273549991,NaN,293.15,100000,0.000167,2670,0.44,0.81,0.0286,0.05005,0.0433445714594111,0,0,370.960156691874
Grewal,Silica,0.0948964539467739,NaN,0.0273549991,NaN,293.15,100000,0.000167,2670,0.44,0.81,0.0286,0.1001,0.0866891429188223,0,0,311.635890399481
Grewal,Silica,0.145484621924693,NaN,0.0273549991,NaN,293.15,100000,0.000167,2670,0.44,0.81,0.0286,0.1001,0.0866891429188223,0,0,334.243877914406
Grewal,Silica,0.196109229118151,NaN,0.0273549991,NaN,293.15,100000,0.000167,2670,0.44,0.81,0.0286,0.1001,0.0866891429188223,0,0,360.577748915935
Grewal,Silica,0.24784111735201,NaN,0.0273549991,NaN,293.15,100000,0.000167,2670,0.44,0.81,0.0286,0.1001,0.0866891429188223,0,0,375.13040199426
Grewal,Silica,0.304713281699197,NaN,0.0273549991,NaN,293.15,100000,0.000167,2670,0.44,0.81,0.0286,0.1001,0.0866891429188223,0,0,390.273006263485
Grewal,Silica,0.359033527471235,NaN,0.0273549991,NaN,293.15,100000,0.000167,2670,0.44,0.81,0.0286,0.1001,0.0866891429188223,0,0,394.483576680562
Grewal,Silica,0.393021883565977,NaN,0.0273549991,NaN,293.15,100000,0.000167,2670,0.44,0.81,0.0286,0.1001,0.0866891429188223,0,0,394.771351362675
Grewal,Silica,0.326616874312937,NaN,0.22220676192,NaN,293.15,100000,0.000504,2670,0.42,0.88,0.0286,0.05005,0.0433445714594111,0,0,208.715361777647
Grewal,Silica,0.364345555607773,NaN,0.22220676192,NaN,293.15,100000,0.000504,2670,0.42,0.88,0.0286,0.05005,0.0433445714594111,0,0,217.799787224464
Grewal,Silica,0.399898414466519,NaN,0.22220676192,NaN,293.15,100000,0.000504,2670,0.42,0.88,0.0286,0.05005,0.0433445714594111,0,0,227.882362140171
Grewal,Silica,0.43632678757866,NaN,0.22220676192,NaN,293.15,100000,0.000504,2670,0.42,0.88,0.0286,0.05005,0.0433445714594111,0,0,232.063756838791
Grewal,Silica,0.472781485963565,NaN,0.22220676192,NaN,293.15,100000,0.000504,2670,0.42,0.88,0.0286,0.05005,0.0433445714594111,0,0,238.773863202864
Grewal,Silica,0.508889568397351,NaN,0.22220676192,NaN,293.15,100000,0.000504,2670,0.42,0.88,0.0286,0.05005,0.0433445714594111,0,0,242.189265971789
Grewal,Silica,0.547322450359881,NaN,0.22220676192,NaN,293.15,100000,0.000504,2670,0.42,0.88,0.0286,0.05005,0.0433445714594111,0,0,243.916728469509
Grewal,Silica,0.472842113816016,NaN,0.22220676192,NaN,293.15,100000,0.000504,2670,0.42,0.88,0.0286,0.05005,0.0433445714594111,0,0,244.597562796032
Grewal,Silica,0.508640276230369,NaN,0.22220676192,NaN,293.15,100000,0.000504,2670,0.42,0.88,0.0286,0.05005,0.0433445714594111,0,0,248.243132776199
Grewal,Silica,0.547223730629098,NaN,0.22220676192,NaN,293.15,100000,0.000504,2670,0.42,0.88,0.0286,0.05005,0.0433445714594111,0,0,249.434059724055
Grewal,Silica,0.32753227535345,NaN,0.22220676192,NaN,293.15,100000,0.000504,2670,0.42,0.88,0.0286,0.1001,0.0866891429188223,0,0,206.645562871854
Grewal,Silica,0.363117841279997,NaN,0.22220676192,NaN,293.15,100000,0.000504,2670,0.42,0.88,0.0286,0.1001,0.0866891429188223,0,0,219.869870462822
Grewal,Silica,0.399487381448473,NaN,0.22220676192,NaN,293.15,100000,0.000504,2670,0.42,0.88,0.0286,0.1001,0.0866891429188223,0,0,233.399977727282
Grewal,Silica,0.435987550743759,NaN,0.22220676192,NaN,293.15,100000,0.000504,2670,0.42,0.88,0.0286,0.1001,0.0866891429188223,0,0,244.477858786232
Grewal,Silica,0.473854040800554,NaN,0.22220676192,NaN,293.15,100000,0.000504,2670,0.42,0.88,0.0286,0.1001,0.0866891429188223,0,0,251.799706663571
Grewal,Silica,0.510157368909147,NaN,0.22220676192,NaN,293.15,100000,0.000504,2670,0.42,0.88,0.0286,0.1001,0.0866891429188223,0,0,258.969720951282
Grewal,Silica,0.561728947673835,NaN,0.22220676192,NaN,293.15,100000,0.000504,2670,0.42,0.88,0.0286,0.1001,0.0866891429188223,0,0,262.754187389377
Grewal,Alumina,0.196843797790799,NaN,0.105211535,NaN,293.15,100000,0.000259,4015,0.51,0.64,0.0286,0.05005,0.0433445714594111,0,0,266.291835317391
Grewal,Alumina,0.256426150004387,NaN,0.105211535,NaN,293.15,100000,0.000259,4015,0.51,0.64,0.0286,0.05005,0.0433445714594111,0,0,298.169452764937
Grewal,Alumina,0.326529877083045,NaN,0.105211535,NaN,293.15,100000,0.000259,4015,0.51,0.64,0.0286,0.05005,0.0433445714594111,0,0,317.727792470169
Grewal,Alumina,0.396871552168474,NaN,0.105211535,NaN,293.15,100000,0.000259,4015,0.51,0.64,0.0286,0.05005,0.0433445714594111,0,0,331.50231843595
Grewal,Alumina,0.473818497987293,NaN,0.105211535,NaN,293.15,100000,0.000259,4015,0.51,0.64,0.0286,0.05005,0.0433445714594111,0,0,336.583235708824
Grewal,Alumina,0.545860940177519,NaN,0.105211535,NaN,293.15,100000,0.000259,4015,0.51,0.64,0.0286,0.05005,0.0433445714594111,0,0,338.545663718056
Grewal,Alumina,0.195627192791088,NaN,0.105211535,NaN,293.15,100000,0.000259,4015,0.51,0.64,0.0286,0.1001,0.0866891429188223,0,0,273.283270082005
Grewal,Alumina,0.254479759080071,NaN,0.105211535,NaN,293.15,100000,0.000259,4015,0.51,0.64,0.0286,0.1001,0.0866891429188223,0,0,309.500326194468
Grewal,Alumina,0.399350521442053,NaN,0.105211535,NaN,293.15,100000,0.000259,4015,0.51,0.64,0.0286,0.1001,0.0866891429188223,0,0,354.86871549529
Grewal,Alumina,0.471401229892161,NaN,0.105211535,NaN,293.15,100000,0.000259,4015,0.51,0.64,0.0286,0.1001,0.0866891429188223,0,0,363.578107791488
Grewal,Alumina,0.562804548931862,NaN,0.105211535,NaN,293.15,100000,0.000259,4015,0.51,0.64,0.0286,0.1001,0.0866891429188223,0,0,368.135710928567
Kim (2003),Silica,0.0549442576,NaN,0.048,NaN,293.15,100000,0.00024,2582,0.4789401688,NaN,0.0254,0.08,0.0692820323027551,0,0,234.649751553862
Kim (2003),Silica,0.0619852985,NaN,0.048,NaN,293.15,100000,0.00024,2582,0.4789401688,NaN,0.0254,0.08,0.0692820323027551,0,0,238.528891420361
Kim (2003),Silica,0.0619472935,NaN,0.048,NaN,293.15,100000,0.00024,2582,0.4789401688,NaN,0.0254,0.08,0.0692820323027551,0,0,250.717560091498
Kim (2003),Silica,0.0780013277,NaN,0.048,NaN,293.15,100000,0.00024,2582,0.4789401688,NaN,0.0254,0.08,0.0692820323027551,0,0,300.913429576425
Kim (2003),Silica,0.0699262676,NaN,0.048,NaN,293.15,100000,0.00024,2582,0.4789401688,NaN,0.0254,0.08,0.0692820323027551,0,0,333.800876672936
Kim (2003),Silica,0.0781862425,NaN,0.048,NaN,293.15,100000,0.00024,2582,0.4789401688,NaN,0.0254,0.08,0.0692820323027551,0,0,316.527206034436
Kim (2003),Silica,0.0779677085,NaN,0.048,NaN,293.15,100000,0.00024,2582,0.4789401688,NaN,0.0254,0.08,0.0692820323027551,0,0,296.637700216531
Kim (2003),Silica,0.0868807037,NaN,0.048,NaN,293.15,100000,0.00024,2582,0.4789401688,NaN,0.0254,0.08,0.0692820323027551,0,0,342.361857918288
Kim (2003),Silica,0.0870560961,NaN,0.048,NaN,293.15,100000,0.00024,2582,0.4789401688,NaN,0.0254,0.08,0.0692820323027551,0,0,338.300976383779
Kim (2003),Silica,0.1090017148,NaN,0.048,NaN,293.15,100000,0.00024,2582,0.4789401688,NaN,0.0254,0.08,0.0692820323027551,0,0,375.497650805308
Kim (2003),Silica,0.1089872083,NaN,0.048,NaN,293.15,100000,0.00024,2582,0.4789401688,NaN,0.0254,0.08,0.0692820323027551,0,0,357.582159801479
Kim (2003),Silica,0.1257199834,NaN,0.048,NaN,293.15,100000,0.00024,2582,0.4789401688,NaN,0.0254,0.08,0.0692820323027551,0,0,394.998841320196
Kim (2003),Silica,0.1259014313,NaN,0.048,NaN,293.15,100000,0.00024,2582,0.4789401688,NaN,0.0254,0.08,0.0692820323027551,0,0,428.211784253358
Kim (2003),Silica,0.1258711885,NaN,0.048,NaN,293.15,100000,0.00024,2582,0.4789401688,NaN,0.0254,0.08,0.0692820323027551,0,0,390.861898344956
Kim (2003),Silica,0.1257916972,NaN,0.048,NaN,293.15,100000,0.00024,2582,0.4789401688,NaN,0.0254,0.08,0.0692820323027551,0,0,404.421975500978
Kim (2003),Silica,0.1428230859,NaN,0.048,NaN,293.15,100000,0.00024,2582,0.4789401688,NaN,0.0254,0.08,0.0692820323027551,0,0,396.287599041247
Kim (2003),Silica,0.1429651979,NaN,0.048,NaN,293.15,100000,0.00024,2582,0.4789401688,NaN,0.0254,0.08,0.0692820323027551,0,0,374.402990696161
Kim (2003),Silica,0.142794689,NaN,0.048,NaN,293.15,100000,0.00024,2582,0.4789401688,NaN,0.0254,0.08,0.0692820323027551,0,0,361.217461451783
Kim (2003),Silica,0.1607945773,NaN,0.048,NaN,293.15,100000,0.00024,2582,0.4789401688,NaN,0.0254,0.08,0.0692820323027551,0,0,384.375612974765
Kim (2003),Silica,0.18504329,NaN,0.048,NaN,293.15,100000,0.00024,2582,0.4789401688,NaN,0.0254,0.08,0.0692820323027551,0,0,380.418482695577
Kim (2003),Silica,0.0779917777,NaN,0.048,NaN,293.15,100000,0.00024,2582,0.4789401688,NaN,0.0254,0.08,0.0692820323027551,0,0,319.84548410339
Kim (2003),Silica,0.1428170089,NaN,0.048,NaN,293.15,100000,0.00024,2582,0.4789401688,NaN,0.0254,0.08,0.0692820323027551,0,0,379.005939658878
Kim (2013),Silica,NaN,NaN,NaN,1.133549572,293.15,100000,0.00024,2582,0.478,NaN,0.0254,0.08,0.0692820323027551,0,0,235.287114547232
Kim (2013),Silica,NaN,NaN,NaN,1.279288486,293.15,100000,0.00024,2582,0.478,NaN,0.0254,0.08,0.0692820323027551,0,0,251.043179596552
Kim (2013),Silica,NaN,NaN,NaN,1.2804363281,293.15,100000,0.00024,2582,0.478,NaN,0.0254,0.08,0.0692820323027551,0,0,239.023207144761
Kim (2013),Silica,NaN,NaN,NaN,1.6168281051,293.15,100000,0.00024,2582,0.478,NaN,0.0254,0.08,0.0692820323027551,0,0,319.333253354661
Kim (2013),Silica,NaN,NaN,NaN,1.6157543174,293.15,100000,0.00024,2582,0.478,NaN,0.0254,0.08,0.0692820323027551,0,0,300.708588820759
Kim (2013),Silica,NaN,NaN,NaN,1.8015319372,293.15,100000,0.00024,2582,0.478,NaN,0.0254,0.08,0.0692820323027551,0,0,341.127617820433
Kim (2013),Silica,NaN,NaN,NaN,2.2605453361,293.15,100000,0.00024,2582,0.478,NaN,0.0254,0.08,0.0692820323027551,0,0,376.01799075802
Kim (2013),Silica,NaN,NaN,NaN,2.9737625522,293.15,100000,0.00024,2582,0.478,NaN,0.0254,0.08,0.0692820323027551,0,0,397.562156758198
Kim (2013),Silica,NaN,NaN,NaN,3.3370730768,293.15,100000,0.00024,2582,0.478,NaN,0.0254,0.08,0.0692820323027551,0,0,384.293766106816
Kim (2013),Silica,NaN,NaN,NaN,2.6164874552,293.15,100000,0.00024,2582,0.478,NaN,0.0254,0.08,0.0692820323027551,0,0,411.886021505376
Kim (2013),Silica,NaN,NaN,NaN,1.3082437276,293.15,210000,0.00024,2582,0.478,NaN,0.0254,0.08,0.0692820323027551,0,0,325.043010752688
Kim (2013),Silica,NaN,NaN,NaN,1.4964157706,293.15,210000,0.00024,2582,0.478,NaN,0.0254,0.08,0.0692820323027551,0,0,341.220430107527
Kim (2013),Silica,NaN,NaN,NaN,2.2356630824,293.15,210000,0.00024,2582,0.478,NaN,0.0254,0.08,0.0692820323027551,0,0,455.131720430108
Kim (2013),Silica,NaN,NaN,NaN,2.5,293.15,210000,0.00024,2582,0.478,NaN,0.0254,0.08,0.0692820323027551,0,0,450.3
Kim (2013),Silica,NaN,NaN,NaN,2.7508960573,293.15,210000,0.00024,2582,0.478,NaN,0.0254,0.08,0.0692820323027551,0,0,455.069892473118
Kim (2013),Silica,NaN,NaN,NaN,3.3109318996,293.15,210000,0.00024,2582,0.478,NaN,0.0254,0.08,0.0692820323027551,0,0,470.602688172043
Kim (2013),Silica,NaN,NaN,NaN,3.3109318996,293.15,210000,0.00024,2582,0.478,NaN,0.0254,0.08,0.0692820323027551,0,0,463.402688172043
Kim (2013),Silica,NaN,NaN,NaN,0.9484878107,293.15,410000,0.00024,2582,0.478,NaN,0.0254,0.08,0.0692820323027551,0,0,223.745685594953
Kim (2013),Silica,NaN,NaN,NaN,1.0909313072,293.15,410000,0.00024,2582,0.478,NaN,0.0254,0.08,0.0692820323027551,0,0,314.923633697681
Kim (2013),Silica,NaN,NaN,NaN,1.508079327,293.15,410000,0.00024,2582,0.478,NaN,0.0254,0.08,0.0692820323027551,0,0,362.516551141918
Kim (2013),Silica,NaN,NaN,NaN,1.7424612696,293.15,410000,0.00024,2582,0.478,NaN,0.0254,0.08,0.0692820323027551,0,0,402.913218697236
Kim (2013),Silica,NaN,NaN,NaN,1.998133831,293.15,410000,0.00024,2582,0.478,NaN,0.0254,0.08,0.0692820323027551,0,0,439.2246867502
Kim (2013),Silica,NaN,NaN,NaN,2.3278236915,293.15,410000,0.00024,2582,0.478,NaN,0.0254,0.08,0.0692820323027551,0,0,472.373553719008
Kim (2013),Silica,NaN,NaN,NaN,2.7236810924,293.15,410000,0.00024,2582,0.478,NaN,0.0254,0.08,0.0692820323027551,0,0,493.10125744246
Kim (2013),Silica,NaN,NaN,NaN,3.7755487426,293.15,410000,0.00024,2582,0.478,NaN,0.0254,0.08,0.0692820323027551,0,0,434.968421754199
Kim (2013),Silica,NaN,NaN,NaN,1.232078853,293.15,740000,0.00024,2582,0.478,NaN,0.0254,0.08,0.0692820323027551,0,0,292.652150537634
Kim (2013),Silica,NaN,NaN,NaN,1.5681003584,293.15,740000,0.00024,2582,0.478,NaN,0.0254,0.08,0.0692820323027551,0,0,394.011827956989
Kim (2013),Silica,NaN,NaN,NaN,1.7921146953,293.15,740000,0.00024,2582,0.478,NaN,0.0254,0.08,0.0692820323027551,0,0,458.784946236559
Kim (2013),Silica,NaN,NaN,NaN,2.2491039427,293.15,740000,0.00024,2582,0.478,NaN,0.0254,0.08,0.0692820323027551,0,0,512.730107526882
Kim (2013),Silica,NaN,NaN,NaN,2.6926523297,293.15,740000,0.00024,2582,0.478,NaN,0.0254,0.08,0.0692820323027551,0,0,532.47688172043
Kim (2013),Silica,NaN,NaN,NaN,3.0241935484,293.15,740000,0.00024,2582,0.478,NaN,0.0254,0.08,0.0692820323027551,0,0,519.237096774194
Kim (2013),Silica,NaN,NaN,NaN,3.0241935484,293.15,740000,0.00024,2582,0.478,NaN,0.0254,0.08,0.0692820323027551,0,0,504.837096774194
Kim (2013),Silica,NaN,NaN,NaN,3.167562724,293.15,740000,0.00024,2582,0.478,NaN,0.0254,0.08,0.0692820323027551,0,0,486.219892473118
Olsson,Silica,NaN,0.2,NaN,NaN,288.15,100000,0.0007,2600,0.46,0.8,0.02,0.06,0.1,0,0,239.460952435469
Olsson,Silica,NaN,0.2,NaN,NaN,288.15,200000,0.0007,2600,0.46,0.8,0.02,0.06,0.1,0,0,252.430411576231
Olsson,Silica,NaN,0.2,NaN,NaN,288.15,400000,0.0007,2600,0.46,0.8,0.02,0.06,0.1,0,0,295.168525577654
Olsson,Silica,NaN,0.2,NaN,NaN,288.15,800000,0.0007,2600,0.46,0.8,0.02,0.06,0.1,0,0,351.587811353031
Olsson,Silica,NaN,0.2,NaN,NaN,288.15,1600000,0.0007,2600,0.46,0.8,0.02,0.06,0.1,0,0,449.101571583792
Olsson,Silica,NaN,0.2,NaN,NaN,288.15,100000,0.0007,2600,0.46,0.8,0.02,0.06,0.05,0,0,237.712197777185
Olsson,Silica,NaN,0.2,NaN,NaN,288.15,200000,0.0007,2600,0.46,0.8,0.02,0.06,0.05,0,0,246.135203449915
Olsson,Silica,NaN,0.2,NaN,NaN,288.15,400000,0.0007,2600,0.46,0.8,0.02,0.06,0.05,0,0,285.173817610508
Olsson,Silica,NaN,0.2,NaN,NaN,288.15,800000,0.0007,2600,0.46,0.8,0.02,0.06,0.05,0,0,352.619919993192
Olsson,Silica,NaN,0.2,NaN,NaN,288.15,1600000,0.0007,2600,0.46,0.8,0.02,0.06,0.05,0,0,467.691409962108
Olsson,Silica,NaN,0.6,NaN,NaN,288.15,100000,0.0007,2600,0.46,0.8,0.02,0.06,0.1,0,0,221.551046090931
Olsson,Silica,NaN,0.6,NaN,NaN,288.15,200000,0.0007,2600,0.46,0.8,0.02,0.06,0.1,0,0,231.6265534057
Olsson,Silica,NaN,0.6,NaN,NaN,288.15,400000,0.0007,2600,0.46,0.8,0.02,0.06,0.1,0,0,304.632688375015
Olsson,Silica,NaN,0.6,NaN,NaN,288.15,800000,0.0007,2600,0.46,0.8,0.02,0.06,0.1,0,0,379.290545854977
Olsson,Silica,NaN,0.6,NaN,NaN,288.15,1600000,0.0007,2600,0.46,0.8,0.02,0.06,0.1,0,0,475.255623721869
Olsson,Silica,NaN,0.6,NaN,NaN,288.15,100000,0.0007,2600,0.46,0.8,0.02,0.06,0.05,0,0,207.011674630654
Olsson,Silica,NaN,0.6,NaN,NaN,288.15,200000,0.0007,2600,0.46,0.8,0.02,0.06,0.05,0,0,229.174067390685
Olsson,Silica,NaN,0.6,NaN,NaN,288.15,400000,0.0007,2600,0.46,0.8,0.02,0.06,0.05,0,0,295.715415742923
Olsson,Silica,NaN,0.6,NaN,NaN,288.15,800000,0.0007,2600,0.46,0.8,0.02,0.06,0.05,0,0,374.022580913838
Olsson,Silica,NaN,0.6,NaN,NaN,288.15,1600000,0.0007,2600,0.46,0.8,0.02,0.06,0.05,0,0,460.756912017761
Wiman,Silica,NaN,0.2,0.22,NaN,293.15,100000,0.00045,2600,0.46,0.8,0.02,0.06,0.05,0,0,280.536335369377
Wiman,Silica,NaN,0.2,0.2,NaN,293.15,200000,0.00045,2600,0.46,0.8,0.02,0.06,0.05,0,0,321.918681201635
Wiman,Silica,NaN,0.2,0.18,NaN,293.15,400000,0.00045,2600,0.46,0.8,0.02,0.06,0.05,0,0,364.240638096527
Wiman,Silica,NaN,0.2,0.15,NaN,293.15,800000,0.00045,2600,0.46,0.8,0.02,0.06,0.05,0,0,408.071937435735
Wiman,Silica,NaN,0.2,0.12,NaN,293.15,1600000,0.00045,2600,0.46,0.8,0.02,0.06,0.05,0,0,499.564295107354
Wiman,Silica,NaN,0.6,0.22,NaN,293.15,100000,0.00045,2600,0.46,0.8,0.02,0.06,0.05,0,0,293.086009677165
Wiman,Silica,NaN,0.6,0.2,NaN,293.15,200000,0.00045,2600,0.46,0.8,0.02,0.06,0.05,0,0,339.705021328797
Wiman,Silica,NaN,0.6,0.18,NaN,293.15,400000,0.00045,2600,0.46,0.8,0.02,0.06,0.05,0,0,366.818067760437
Wiman,Silica,NaN,0.6,0.15,NaN,293.15,800000,0.00045,2600,0.46,0.8,0.02,0.06,0.05,0,0,415.234692817149
Wiman,Silica,NaN,0.6,0.12,NaN,293.15,1600000,0.00045,2600,0.46,0.8,0.02,0.06,0.05,0,0,468.043364754129
Wiman,Silica,NaN,0.2,0.42,NaN,293.15,100000,0.0007,2600,0.46,0.8,0.02,0.06,0.05,0,0,238.57882901818
Wiman,Silica,NaN,0.2,0.38,NaN,293.15,200000,0.0007,2600,0.46,0.8,0.02,0.06,0.05,0,0,246.997969887264
Wiman,Silica,NaN,0.2,0.31,NaN,293.15,400000,0.0007,2600,0.46,0.8,0.02,0.06,0.05,0,0,285.777976882863
Wiman,Silica,NaN,0.2,0.24,NaN,293.15,800000,0.0007,2600,0.46,0.8,0.02,0.06,0.05,0,0,352.743058895396
Wiman,Silica,NaN,0.2,0.18,NaN,293.15,1600000,0.0007,2600,0.46,0.8,0.02,0.06,0.05,0,0,467.027720968486
Wiman,Silica,NaN,0.6,0.42,NaN,293.15,100000,0.0007,2600,0.46,0.8,0.02,0.06,0.05,0,0,209.906878472496
Wiman,Silica,NaN,0.6,0.38,NaN,293.15,200000,0.0007,2600,0.46,0.8,0.02,0.06,0.05,0,0,231.943031536116
Wiman,Silica,NaN,0.6,0.31,NaN,293.15,400000,0.0007,2600,0.46,0.8,0.02,0.06,0.05,0,0,297.30025823617
Wiman,Silica,NaN,0.6,0.24,NaN,293.15,800000,0.0007,2600,0.46,0.8,0.02,0.06,0.05,0,0,374.990218326944
Wiman,Silica,NaN,0.6,0.18,NaN,293.15,1600000,0.0007,2600,0.46,0.8,0.02,0.06,0.05,0,0,460.755927693874
Wiman,Silica,NaN,0.2,0.22,NaN,293.15,100000,0.00045,2600,0.46,0.8,0.02,0.0425,0.05,0,0,276.403516756718
Wiman,Silica,NaN,0.2,0.2,NaN,293.15,200000,0.00045,2600,0.46,0.8,0.02,0.0425,0.05,0,0,305.553766776165
Wiman,Silica,NaN,0.2,0.18,NaN,293.15,400000,0.00045,2600,0.46,0.8,0.02,0.0425,0.05,0,0,316.24777952347
Wiman,Silica,NaN,0.2,0.15,NaN,293.15,800000,0.00045,2600,0.46,0.8,0.02,0.0425,0.05,0,0,338.675049938091
Wiman,Silica,NaN,0.2,0.12,NaN,293.15,1600000,0.00045,2600,0.46,0.8,0.02,0.0425,0.05,0,0,333.480444972867
Wiman,Silica,NaN,0.6,0.22,NaN,293.15,100000,0.00045,2600,0.46,0.8,0.02,0.0425,0.05,0,0,267.507692307693
Wiman,Silica,NaN,0.6,0.2,NaN,293.15,200000,0.00045,2600,0.46,0.8,0.02,0.0425,0.05,0,0,303.876923076923
Wiman,Silica,NaN,0.6,0.18,NaN,293.15,400000,0.00045,2600,0.46,0.8,0.02,0.0425,0.05,0,0,254.830769230769
Wiman,Silica,NaN,0.6,0.15,NaN,293.15,800000,0.00045,2600,0.46,0.8,0.02,0.0425,0.05,0,0,302.953846153846
Wiman,Silica,NaN,0.6,0.12,NaN,293.15,1600000,0.00045,2600,0.46,0.8,0.02,0.0425,0.05,0,0,368.492307692308
Wiman,Silica,NaN,0.2,0.42,NaN,293.15,100000,0.0007,2600,0.46,0.8,0.02,0.0425,0.05,0,0,234.253121627871
Wiman,Silica,NaN,0.2,0.38,NaN,293.15,200000,0.0007,2600,0.46,0.8,0.02,0.0425,0.05,0,0,243.379065823956
Wiman,Silica,NaN,0.2,0.31,NaN,293.15,400000,0.0007,2600,0.46,0.8,0.02,0.0425,0.05,0,0,283.027593648836
Wiman,Silica,NaN,0.2,0.24,NaN,293.15,800000,0.0007,2600,0.46,0.8,0.02,0.0425,0.05,0,0,312.563588715893
Wiman,Silica,NaN,0.2,0.18,NaN,293.15,1600000,0.0007,2600,0.46,0.8,0.02,0.0425,0.05,0,0,315.831663326653
Wiman,Silica,NaN,0.6,0.42,NaN,293.15,100000,0.0007,2600,0.46,0.8,0.02,0.0425,0.05,0,0,220.025034237716
Wiman,Silica,NaN,0.6,0.38,NaN,293.15,200000,0.0007,2600,0.46,0.8,0.02,0.0425,0.05,0,0,245.29163821928
Wiman,Silica,NaN,0.6,0.31,NaN,293.15,400000,0.0007,2600,0.46,0.8,0.02,0.0425,0.05,0,0,264.394727028537
Wiman,Silica,NaN,0.6,0.24,NaN,293.15,800000,0.0007,2600,0.46,0.8,0.02,0.0425,0.05,0,0,289.036782127419
Wiman,Silica,NaN,0.6,0.18,NaN,293.15,1600000,0.0007,2600,0.46,0.8,0.02,0.0425,0.05,0,0,373.779597047851
